show_id,genre_ids
s1,3
s1,17
s2,8
s3,3
s3,8
s3,17
s4,26
s5,15
s5,20
s5,25
s6,6
s6,14
s7,1
s7,38
s8,15
s8,30
s8,39
s9,2
s9,15
s9,17
s10,8
s10,17
s10,26
s11,14
s12,8
s12,17
s12,25
s13,14
s13,17
s14,1
s14,2
s14,15
s15,2
s16,3
s17,3
s17,8
s17,17
s18,3
s18,21
s19,8
s19,9
s19,16
s20,8
s20,17
s20,18
s21,3
s21,8
s21,16
s22,3
s22,17
s22,18
s23,1
s23,3
s23,8
s24,8
s24,17
s25,1
s25,8
s25,17
s26,22
s27,24
s28,1
s28,33
s29,3
s29,17
s30,3
s30,8
s30,17
s31,24
s32,1
s32,18
s32,38
s33,9
s33,25
s34,3
s34,17
s35,3
s35,17
s35,18
s36,3
s36,16
s37,10
s37,25
s38,3
s38,8
s38,9
s39,3
s39,8
s40,3
s40,11
s40,17
s41,33
s42,1
s42,18
s43,8
s43,17
s43,25
s44,8
s44,17
s45,8
s45,17
s46,3
s46,17
s46,18
s47,8
s47,18
s47,21
s48,1
s48,8
s48,21
s49,1
s49,8
s49,21
s50,16
s50,17
s50,18
s51,1
s51,33
s51,38
s52,3
s52,8
s52,17
s53,2
s53,15
s53,17
s54,1
s54,2
s54,15
s55,6
s55,14
s56,16
s56,36
s57,8
s57,17
s57,36
s58,3
s58,17
s58,18
s59,1
s59,3
s59,21
s60,2
s60,30
s61,14
s61,20
s62,14
s63,15
s63,20
s64,5
s64,8
s64,9
s65,2
s65,15
s65,17
s66,30
s67,2
s67,15
s67,23
s68,3
s68,9
s68,18
s69,8
s70,3
s70,17
s70,18
s71,8
s71,17
s71,26
s72,17
s72,43
s73,1
s73,8
s73,21
s74,15
s75,1
s75,33
s75,37
s76,15
s76,20
s77,15
s77,20
s78,6
s78,14
s79,15
s80,3
s80,7
s80,9
s81,3
s81,8
s81,17
s82,8
s82,17
s82,25
s83,1
s83,3
s83,33
s84,1
s84,17
s84,18
s85,3
s85,17
s85,28
s86,3
s86,18
s86,21
s87,17
s87,19
s88,2
s88,15
s89,21
s89,25
s90,3
s90,33
s91,3
s91,5
s91,33
s92,2
s92,15
s92,30
s93,3
s93,8
s94,14
s95,8
s95,18
s95,21
s96,9
s96,16
s96,31
s97,2
s97,15
s97,17
s98,1
s98,3
s98,21
s99,1
s99,3
s99,4
s100,8
s100,31
s100,32
s101,3
s101,18
s101,26
s102,10
s102,25
s103,14
s104,2
s104,14
s105,3
s105,8
s105,17
s106,2
s106,14
s107,1
s107,2
s107,15
s108,1
s108,3
s108,18
s109,2
s109,15
s110,8
s111,1
s111,18
s112,3
s112,17
s113,8
s113,9
s113,17
s114,3
s114,18
s114,21
s115,3
s115,8
s115,9
s116,2
s116,15
s116,17
s117,10
s117,25
s118,1
s118,17
s118,33
s119,2
s119,15
s119,17
s120,3
s120,8
s120,17
s121,11
s121,16
s122,8
s122,16
s122,31
s123,17
s123,25
s123,43
s124,8
s124,16
s124,41
s125,1
s125,17
s125,28
s126,2
s126,15
s126,17
s127,1
s127,3
s127,21
s128,1
s128,2
s128,15
s129,1
s129,17
s129,18
s130,2
s130,15
s130,17
s131,1
s131,17
s131,33
s132,1
s132,17
s132,33
s133,30
s134,3
s134,21
s134,29
s135,3
s135,8
s135,17
s136,8
s136,17
s136,33
s137,1
s137,3
s137,5
s138,1
s138,8
s138,17
s139,8
s139,9
s139,17
s140,2
s140,14
s141,8
s141,16
s142,2
s142,15
s142,17
s143,3
s143,5
s143,17
s144,14
s145,8
s145,17
s146,3
s146,7
s146,8
s147,2
s147,15
s147,17
s148,3
s148,7
s148,21
s149,3
s149,21
s150,3
s150,21
s151,40
s152,3
s152,8
s152,17
s153,2
s153,6
s153,14
s154,2
s154,14
s155,2
s155,14
s156,14
s157,1
s157,17
s157,18
s158,2
s158,14
s159,15
s159,17
s160,1
s160,3
s160,4
s161,1
s161,3
s161,21
s162,1
s162,3
s162,21
s163,1
s163,7
s163,8
s164,2
s164,14
s165,2
s165,14
s166,2
s166,15
s166,30
s167,2
s167,14
s168,2
s168,14
s169,2
s169,16
s169,17
s170,2
s170,14
s171,2
s171,14
s172,8
s172,9
s173,2
s173,9
s173,16
s174,3
s174,18
s175,2
s175,14
s176,2
s176,14
s177,2
s177,14
s178,2
s178,14
s179,2
s179,14
s180,30
s181,1
s181,15
s181,30
s182,3
s182,21
s182,36
s183,3
s183,8
s183,17
s184,3
s184,8
s184,18
s185,8
s185,17
s185,18
s186,8
s186,9
s186,17
s187,8
s187,36
s188,1
s188,8
s188,9
s189,1
s189,30
s189,39
s190,1
s190,17
s191,6
s191,14
s192,3
s192,21
s192,44
s193,8
s193,17
s194,2
s194,15
s194,17
s195,3
s195,7
s195,9
s196,1
s196,3
s196,18
s197,3
s197,21
s198,1
s198,3
s198,17
s199,6
s199,9
s199,17
s200,1
s200,8
s200,37
s201,3
s201,5
s201,17
s202,1
s202,18
s202,33
s203,1
s203,15
s203,22
s204,3
s204,21
s205,1
s205,3
s205,17
s206,1
s206,16
s206,20
s207,3
s207,12
s207,17
s208,16
s209,3
s209,21
s210,9
s210,16
s211,8
s211,9
s211,17
s212,9
s212,18
s213,2
s213,15
s214,16
s215,18
s216,16
s217,1
s217,2
s217,15
s218,1
s218,3
s218,8
s219,3
s219,38
s220,15
s220,30
s220,39
s221,1
s221,3
s221,18
s222,2
s222,3
s222,21
s223,1
s223,3
s223,21
s224,1
s224,17
s224,19
s225,1
s225,3
s225,21
s226,1
s226,17
s226,33
s227,1
s227,3
s227,21
s228,1
s228,17
s228,33
s229,8
s230,6
s230,16
s231,3
s231,8
s231,28
s232,33
s233,5
s233,33
s234,1
s234,3
s234,33
s235,1
s235,3
s235,21
s236,3
s236,8
s236,17
s237,18
s237,26
s238,6
s238,14
s238,25
s239,1
s239,3
s239,8
s240,26
s240,31
s240,44
s241,1
s241,8
s241,11
s242,6
s242,14
s243,8
s243,9
s243,21
s244,2
s244,15
s245,8
s245,16
s245,36
s246,2
s246,5
s247,15
s247,30
s247,39
s248,1
s248,3
s248,8
s249,1
s249,9
s249,17
s250,1
s250,8
s250,21
s251,1
s251,2
s251,16
s252,6
s252,14
s253,17
s253,21
s254,1
s254,3
s255,8
s255,9
s255,11
s256,6
s256,9
s256,16
s257,1
s257,6
s257,16
s258,1
s258,18
s258,33
s259,1
s259,18
s259,33
s260,3
s260,21
s260,26
s261,1
s261,18
s261,39
s262,30
s263,1
s263,8
s263,17
s264,2
s264,15
s264,17
s265,2
s265,14
s266,34
s267,3
s268,1
s268,3
s268,18
s269,2
s269,8
s270,2
s270,14
s271,1
s271,9
s271,17
s272,8
s272,30
s273,1
s273,3
s273,17
s274,8
s275,8
s275,16
s275,36
s276,1
s276,3
s276,21
s277,6
s277,14
s277,25
s278,2
s278,15
s279,1
s279,7
s279,33
s280,3
s280,21
s280,23
s281,5
s281,15
s282,9
s282,18
s283,14
s284,8
s284,17
s284,21
s285,1
s285,3
s285,8
s286,7
s286,8
s286,15
s287,19
s287,36
s287,43
s288,8
s288,15
s288,17
s289,8
s289,18
s290,3
s290,8
s290,21
s291,3
s291,17
s291,18
s292,2
s292,14
s293,1
s293,8
s293,9
s294,17
s294,18
s294,27
s295,43
s296,8
s296,17
s297,8
s297,17
s298,8
s298,9
s298,16
s299,1
s299,3
s299,8
s300,8
s300,17
s300,43
s301,1
s301,3
s301,18
s302,5
s302,14
s303,8
s303,17
s303,18
s304,8
s305,6
s305,14
s305,25
s306,2
s306,14
s307,9
s307,18
s308,2
s308,15
s308,17
s309,8
s309,17
s310,14
s311,3
s311,5
s311,17
s312,2
s312,14
s313,1
s313,3
s313,18
s314,1
s314,3
s314,8
s315,17
s315,18
s315,26
s316,16
s316,18
s316,27
s317,17
s317,19
s317,30
s318,1
s318,3
s318,8
s319,1
s319,15
s319,18
s320,1
s320,3
s320,8
s321,2
s321,14
s322,2
s322,14
s323,3
s323,8
s323,17
s324,2
s324,14
s325,2
s325,14
s326,3
s326,17
s327,1
s327,15
s327,17
s328,1
s328,15
s328,17
s329,8
s329,17
s330,3
s330,8
s330,17
s331,3
s331,17
s332,14
s332,20
s333,2
s333,15
s333,17
s334,3
s334,17
s335,1
s335,18
s335,26
s336,1
s336,3
s336,18
s337,15
s337,17
s338,2
s338,15
s338,30
s339,18
s339,43
s340,24
s341,14
s342,16
s342,25
s342,31
s343,1
s343,3
s343,8
s344,6
s344,16
s344,36
s345,3
s345,17
s345,18
s346,8
s346,17
s346,18
s347,2
s347,14
s348,1
s348,9
s348,16
s349,1
s349,8
s349,17
s350,17
s350,25
s350,43
s351,1
s351,17
s351,18
s352,8
s352,9
s352,17
s353,2
s353,9
s353,16
s354,3
s354,17
s355,1
s355,18
s355,35
s356,2
s356,21
s356,25
s357,14
s357,25
s358,9
s358,16
s358,25
s359,5
s359,15
s360,1
s360,3
s360,8
s361,1
s361,3
s361,8
s362,14
s362,20
s363,1
s363,3
s363,5
s364,1
s364,3
s364,8
s365,8
s365,17
s366,8
s366,17
s367,8
s367,17
s368,15
s368,17
s369,14
s369,20
s370,14
s370,20
s371,3
s371,18
s372,3
s372,21
s373,1
s373,3
s373,7
s374,1
s374,8
s374,11
s375,3
s375,17
s375,18
s376,3
s376,17
s376,18
s377,8
s377,43
s378,1
s378,17
s378,33
s379,1
s379,18
s380,2
s380,15
s380,30
s381,2
s381,15
s382,15
s382,30
s383,1
s383,3
s383,21
s384,3
s384,8
s384,9
s385,14
s385,20
s386,3
s386,8
s386,17
s387,1
s387,8
s387,17
s388,6
s388,16
s388,25
s389,2
s389,14
s389,39
s390,1
s390,3
s390,33
s391,2
s391,15
s391,17
s392,1
s392,3
s392,21
s393,14
s393,20
s394,1
s394,17
s394,18
s395,16
s395,20
s396,2
s396,14
s396,17
s397,1
s397,17
s397,33
s398,16
s398,25
s399,2
s399,14
s399,17
s400,6
s400,16
s400,17
s401,2
s401,15
s401,17
s402,1
s402,9
s402,17
s403,2
s403,14
s404,1
s404,2
s404,15
s405,15
s405,20
s406,5
s406,15
s406,17
s407,8
s407,17
s407,21
s408,15
s408,30
s409,16
s409,31
s410,15
s410,20
s410,30
s411,14
s411,36
s412,14
s413,1
s413,18
s413,35
s414,8
s414,9
s414,16
s415,9
s415,16
s415,25
s416,16
s416,17
s416,18
s417,8
s417,16
s417,17
s418,8
s418,9
s418,16
s419,8
s419,28
s419,33
s420,3
s420,17
s420,18
s421,1
s421,18
s422,1
s422,3
s422,8
s423,14
s423,20
s424,17
s424,18
s424,26
s425,14
s426,16
s426,17
s426,18
s427,2
s427,21
s427,43
s428,3
s428,21
s428,25
s429,9
s429,18
s429,26
s430,2
s430,14
s431,2
s431,15
s431,17
s432,8
s432,17
s433,1
s433,8
s433,33
s434,2
s434,15
s434,21
s435,2
s435,15
s435,17
s436,2
s436,15
s436,21
s437,15
s437,21
s438,6
s438,16
s438,17
s439,2
s439,21
s439,43
s440,2
s440,15
s440,17
s441,6
s441,14
s441,25
s442,1
s442,18
s443,14
s443,17
s444,2
s444,14
s444,17
s445,3
s445,8
s445,17
s446,15
s446,30
s447,2
s447,15
s447,17
s448,2
s448,15
s448,17
s449,2
s449,17
s449,30
s450,12
s450,25
s450,26
s451,14
s451,20
s452,2
s452,15
s452,21
s453,2
s453,15
s453,17
s454,14
s455,1
s455,3
s455,17
s456,1
s456,2
s456,15
s457,14
s458,1
s458,3
s458,5
s459,8
s459,17
s459,22
s460,2
s460,14
s461,2
s461,15
s461,17
s462,1
s462,18
s463,1
s463,3
s463,21
s464,7
s464,15
s465,2
s465,15
s465,17
s466,2
s466,15
s467,14
s467,17
s467,20
s468,8
s468,17
s469,3
s469,21
s469,25
s470,14
s470,17
s471,1
s471,3
s471,4
s472,9
s472,16
s472,17
s473,2
s473,15
s473,17
s474,1
s474,17
s474,33
s475,1
s475,15
s475,17
s476,20
s476,26
s477,1
s477,11
s477,33
s478,1
s478,17
s478,33
s479,20
s479,26
s480,2
s480,15
s480,17
s481,8
s481,17
s482,6
s482,20
s482,26
s483,1
s483,3
s483,8
s484,1
s484,17
s484,33
s485,8
s485,17
s485,36
s486,8
s486,16
s486,36
s487,8
s487,16
s487,31
s488,8
s488,9
s488,25
s489,15
s489,17
s490,14
s490,17
s491,3
s491,14
s491,17
s492,1
s492,18
s492,33
s493,1
s493,3
s493,9
s494,1
s494,3
s494,9
s495,1
s495,3
s495,21
s496,2
s496,14
s496,17
s497,8
s497,21
s498,14
s498,20
s499,1
s499,9
s499,17
s500,1
s500,3
s500,17
s501,1
s501,3
s501,8
s502,1
s502,3
s502,8
s503,1
s503,11
s503,18
s504,8
s504,9
s504,23
s505,16
s505,17
s505,20
s506,14
s506,17
s507,14
s507,20
s508,2
s508,15
s508,17
s509,2
s509,14
s509,17
s510,14
s511,2
s511,8
s511,17
s512,2
s512,15
s513,1
s513,17
s513,18
s514,2
s514,15
s514,17
s515,15
s515,20
s516,2
s516,15
s516,17
s517,14
s517,20
s518,3
s518,8
s519,3
s519,17
s520,9
s520,18
s520,27
s521,11
s521,16
s521,27
s522,3
s522,21
s522,23
s523,3
s523,8
s523,11
s524,8
s524,26
s524,31
s525,1
s525,3
s525,4
s526,3
s526,17
s526,18
s527,17
s527,19
s528,6
s528,14
s528,25
s529,2
s529,15
s529,17
s530,1
s530,17
s530,18
s531,1
s531,17
s531,33
s532,1
s532,17
s532,18
s533,2
s533,15
s533,17
s534,15
s535,1
s535,17
s535,18
s536,1
s536,15
s536,20
s537,15
s538,1
s538,8
s538,17
s539,1
s539,2
s539,17
s540,1
s540,2
s540,17
s541,3
s541,17
s541,36
s542,2
s542,14
s542,17
s543,15
s543,20
s544,2
s544,15
s544,17
s545,2
s545,14
s545,17
s546,2
s546,15
s546,30
s547,2
s547,14
s548,1
s548,8
s548,17
s549,2
s549,15
s549,17
s550,2
s550,15
s550,17
s551,2
s551,14
s551,17
s552,1
s552,27
s552,41
s553,2
s553,14
s554,8
s554,17
s554,18
s555,2
s555,14
s555,17
s556,1
s556,3
s556,8
s557,6
s557,14
s558,15
s558,17
s558,19
s559,1
s559,3
s559,7
s560,3
s560,17
s561,3
s561,17
s562,1
s562,3
s562,21
s563,10
s563,25
s563,26
s564,3
s564,21
s565,3
s565,8
s566,2
s566,15
s566,17
s567,15
s567,20
s568,2
s568,17
s569,3
s569,17
s570,2
s570,14
s570,17
s571,2
s571,14
s571,17
s572,2
s572,14
s572,17
s573,3
s573,17
s574,3
s574,17
s575,3
s575,17
s575,36
s576,3
s576,17
s577,2
s577,14
s577,17
s578,3
s578,17
s579,3
s579,8
s579,9
s580,3
s580,17
s580,28
s581,2
s581,14
s581,17
s582,3
s582,17
s583,3
s583,8
s583,17
s584,1
s584,3
s584,8
s585,3
s585,17
s586,2
s586,14
s586,17
s587,3
s587,17
s588,3
s588,17
s589,8
s589,9
s589,31
s590,1
s590,2
s590,16
s591,3
s591,17
s592,3
s592,17
s592,20
s593,6
s593,16
s594,3
s594,8
s594,16
s595,1
s595,3
s595,17
s596,8
s596,9
s596,16
s597,9
s597,16
s597,25
s598,16
s598,17
s598,18
s599,17
s599,19
s600,1
s600,9
s600,17
s601,8
s601,17
s602,5
s602,15
s603,3
s603,18
s603,21
s604,1
s604,8
s604,17
s605,1
s605,3
s605,17
s606,9
s606,16
s606,26
s607,1
s607,13
s607,16
s608,8
s608,17
s608,36
s609,8
s609,17
s609,18
s610,1
s610,33
s610,38
s611,1
s611,3
s611,8
s612,1
s612,3
s612,26
s613,17
s613,19
s614,14
s614,20
s615,1
s615,3
s615,21
s616,1
s616,15
s616,20
s617,1
s617,3
s617,9
s618,1
s618,3
s618,9
s619,1
s619,3
s619,33
s620,1
s620,3
s620,33
s621,8
s621,16
s621,17
s622,15
s622,17
s622,22
s623,1
s623,8
s623,17
s624,8
s624,18
s624,31
s625,8
s625,9
s625,18
s626,7
s626,8
s626,16
s627,1
s627,3
s627,8
s628,9
s628,18
s628,26
s629,1
s629,8
s629,17
s630,8
s631,3
s631,8
s631,17
s632,1
s632,9
s632,16
s633,8
s633,9
s633,17
s634,8
s634,9
s634,16
s635,2
s635,15
s636,1
s636,2
s636,15
s637,1
s637,3
s637,8
s638,3
s638,21
s639,9
s639,16
s639,26
s640,2
s640,15
s641,3
s641,17
s641,31
s642,3
s642,8
s642,17
s643,3
s643,17
s644,9
s644,16
s644,33
s645,1
s645,17
s645,18
s646,3
s646,8
s646,17
s647,8
s647,9
s647,21
s648,3
s648,8
s648,18
s649,3
s649,8
s649,17
s650,3
s650,8
s650,17
s651,3
s651,8
s651,17
s652,3
s652,17
s653,3
s653,8
s653,17
s654,3
s654,8
s654,17
s655,3
s655,8
s655,17
s656,3
s656,17
s657,6
s657,8
s657,17
s658,14
s659,14
s660,14
s661,14
s661,20
s662,14
s662,20
s663,14
s663,20
s664,17
s664,19
s665,2
s665,17
s665,36
s666,9
s666,16
s666,17
s667,14
s667,17
s668,1
s668,3
s668,38
s669,2
s669,15
s669,17
s670,1
s670,2
s670,15
s671,1
s671,3
s671,8
s672,3
s672,8
s672,9
s673,1
s673,3
s673,8
s674,15
s674,33
s675,3
s675,8
s675,17
s676,1
s676,33
s677,3
s677,8
s677,17
s678,1
s678,8
s678,17
s679,9
s679,14
s679,16
s680,2
s680,15
s680,17
s681,1
s681,2
s681,17
s682,3
s682,8
s682,17
s683,3
s683,17
s683,18
s684,3
s684,8
s684,17
s685,5
s685,15
s685,17
s686,1
s686,8
s686,18
s687,1
s687,3
s687,8
s688,14
s688,17
s689,1
s689,3
s689,8
s690,1
s690,14
s690,20
s691,6
s691,16
s691,36
s692,3
s692,18
s692,21
s693,2
s693,6
s693,14
s694,1
s694,3
s694,38
s695,1
s695,3
s695,9
s696,1
s696,3
s696,21
s697,3
s697,21
s697,44
s698,7
s698,15
s698,22
s699,2
s699,14
s699,17
s700,3
s700,17
s700,18
s701,3
s701,17
s701,18
s702,3
s702,8
s702,17
s703,10
s703,17
s703,18
s704,3
s704,8
s704,17
s705,3
s705,21
s705,36
s706,3
s706,8
s706,12
s707,3
s707,8
s707,17
s708,8
s708,9
s708,31
s709,1
s709,3
s709,17
s710,1
s710,3
s711,1
s711,2
s711,17
s712,8
s712,17
s712,18
s713,1
s713,17
s713,33
s714,3
s714,8
s714,17
s715,1
s715,3
s715,8
s716,1
s716,8
s716,9
s717,3
s717,8
s717,17
s718,9
s718,16
s718,31
s719,1
s719,3
s719,17
s720,1
s720,3
s720,17
s721,1
s721,3
s721,17
s722,1
s722,3
s722,17
s723,1
s723,2
s723,14
s724,9
s724,16
s724,36
s725,9
s725,16
s725,17
s726,14
s726,17
s727,16
s727,17
s728,3
s728,8
s728,17
s729,8
s729,9
s729,16
s730,16
s730,17
s730,26
s731,14
s731,17
s731,20
s732,14
s732,20
s733,1
s733,3
s733,17
s734,1
s734,3
s734,17
s735,3
s735,8
s735,17
s736,1
s736,33
s737,3
s737,17
s737,18
s738,17
s738,18
s738,26
s739,3
s739,16
s739,17
s740,3
s740,16
s740,21
s741,3
s741,17
s741,18
s742,3
s742,8
s742,17
s743,3
s743,8
s743,17
s744,3
s744,5
s744,18
s745,3
s745,17
s745,18
s746,3
s746,8
s746,17
s747,14
s748,1
s748,2
s748,17
s749,7
s749,8
s749,9
s750,1
s750,3
s750,8
s751,1
s751,3
s751,17
s752,1
s752,3
s752,8
s753,2
s753,14
s753,17
s754,8
s754,17
s755,3
s755,8
s755,17
s756,1
s756,3
s756,8
s757,3
s757,8
s757,17
s758,3
s758,8
s758,21
s759,3
s759,17
s759,21
s760,8
s760,9
s760,17
s761,3
s761,9
s761,17
s762,1
s762,3
s763,14
s763,36
s764,9
s764,16
s764,36
s765,1
s765,3
s765,17
s766,1
s766,3
s766,17
s767,7
s767,9
s767,16
s768,9
s768,15
s768,17
s769,3
s769,8
s769,17
s770,8
s770,9
s771,8
s771,9
s771,17
s772,9
s772,25
s772,26
s773,9
s773,25
s773,26
s774,8
s774,9
s774,33
s775,8
s775,9
s775,11
s776,3
s776,8
s776,17
s777,3
s777,8
s777,17
s778,3
s778,8
s778,17
s779,3
s779,8
s779,17
s780,3
s780,8
s780,17
s781,3
s781,8
s781,17
s782,3
s782,8
s782,17
s783,3
s783,8
s783,17
s784,3
s784,8
s784,17
s785,3
s785,8
s785,17
s786,3
s786,8
s786,17
s787,16
s787,17
s787,27
s788,1
s788,2
s788,17
s789,3
s789,8
s789,17
s790,3
s790,8
s790,13
s791,1
s791,3
s791,8
s792,3
s792,8
s792,17
s793,3
s793,17
s793,18
s794,3
s794,18
s794,21
s795,3
s795,18
s795,21
s796,3
s796,8
s796,17
s797,36
s798,8
s798,9
s798,17
s799,8
s799,9
s800,8
s800,17
s800,19
s801,3
s801,8
s801,17
s802,8
s802,9
s803,8
s803,18
s803,21
s804,8
s804,27
s805,17
s805,18
s805,31
s806,1
s806,3
s806,21
s807,1
s807,17
s807,20
s808,1
s808,17
s808,20
s809,3
s809,8
s809,17
s810,14
s810,17
s810,30
s811,2
s811,14
s811,17
s812,9
s812,18
s812,26
s813,8
s813,17
s814,1
s814,3
s814,17
s815,1
s815,8
s815,9
s816,9
s816,18
s817,7
s817,8
s817,9
s818,7
s818,8
s818,17
s819,8
s819,9
s820,9
s820,18
s820,26
s821,3
s821,9
s821,18
s822,1
s822,3
s822,8
s823,34
s824,5
s824,17
s824,22
s825,1
s825,3
s825,8
s826,1
s826,8
s826,18
s827,1
s827,3
s827,8
s828,3
s828,5
s828,8
s829,1
s829,3
s829,18
s830,8
s830,17
s830,21
s831,3
s831,21
s831,26
s832,1
s832,8
s832,21
s833,1
s833,8
s833,9
s834,1
s834,3
s834,8
s835,3
s835,21
s836,1
s836,3
s836,8
s837,3
s837,21
s838,8
s838,9
s838,17
s839,3
s839,21
s839,28
s840,1
s840,3
s840,8
s841,18
s841,26
s841,41
s842,1
s842,3
s842,18
s843,3
s843,8
s843,9
s844,17
s844,22
s844,30
s845,17
s845,22
s845,30
s846,1
s846,3
s846,8
s847,1
s847,3
s847,8
s848,1
s848,3
s848,21
s849,1
s849,3
s849,8
s850,3
s850,8
s850,21
s851,3
s851,8
s851,9
s852,8
s852,16
s852,17
s853,1
s853,3
s853,18
s854,14
s854,17
s854,43
s855,2
s855,14
s855,17
s856,2
s856,14
s856,17
s857,2
s857,14
s857,17
s858,2
s858,14
s858,17
s859,2
s859,14
s859,17
s860,2
s860,14
s860,17
s861,2
s861,14
s861,17
s862,2
s862,15
s862,17
s863,9
s863,18
s864,3
s864,8
s864,17
s865,3
s865,8
s865,17
s866,6
s866,36
s867,3
s867,8
s867,17
s868,15
s868,17
s868,23
s869,1
s869,3
s869,8
s870,3
s870,8
s870,17
s871,1
s871,17
s871,18
s872,3
s872,8
s872,17
s873,2
s873,14
s873,17
s874,14
s874,20
s875,8
s875,9
s875,36
s876,1
s876,2
s876,16
s877,1
s877,3
s877,18
s878,1
s878,11
s878,17
s879,14
s880,25
s880,30
s881,1
s881,17
s881,18
s882,8
s882,9
s882,21
s883,14
s884,3
s884,17
s884,18
s885,3
s885,17
s885,18
s886,1
s886,3
s886,21
s887,1
s887,3
s887,21
s888,3
s888,8
s888,17
s889,1
s889,3
s889,8
s890,1
s890,3
s890,8
s891,7
s891,8
s891,9
s892,1
s892,33
s893,3
s893,17
s893,18
s894,3
s894,17
s894,21
s895,8
s895,17
s895,33
s896,3
s896,8
s896,17
s897,3
s897,8
s897,17
s898,3
s898,8
s898,17
s899,6
s899,14
s900,16
s900,28
s900,33
s901,8
s901,17
s901,18
s902,1
s902,14
s902,36
s903,5
s903,8
s903,9
s904,3
s904,17
s904,18
s905,9
s905,16
s905,36
s906,1
s906,3
s906,8
s907,7
s907,8
s907,9
s908,1
s908,3
s908,18
s909,8
s909,9
s909,16
s910,8
s910,9
s911,3
s911,8
s911,17
s912,3
s912,17
s912,21
s913,16
s913,27
s914,2
s914,14
s914,17
s915,8
s915,9
s915,17
s916,9
s916,36
s917,9
s917,36
s918,8
s918,9
s918,17
s919,8
s919,9
s919,17
s920,3
s920,8
s920,21
s921,9
s921,12
s921,16
s922,3
s922,8
s922,17
s923,3
s923,17
s923,25
s924,2
s924,15
s924,39
s925,2
s925,16
s925,17
s926,2
s926,8
s926,17
s927,1
s927,8
s927,9
s928,1
s928,8
s928,18
s929,1
s929,18
s930,3
s930,21
s931,8
s931,9
s931,21
s932,10
s932,14
s932,25
s933,8
s933,9
s933,16
s934,8
s934,9
s935,3
s935,8
s935,17
s936,8
s936,17
s937,1
s937,8
s937,17
s938,1
s938,8
s938,17
s939,8
s939,17
s939,32
s940,1
s940,3
s940,8
s941,9
s941,26
s941,31
s942,9
s942,26
s943,9
s943,17
s943,26
s944,8
s944,9
s944,16
s945,8
s945,17
s945,18
s946,3
s946,8
s946,17
s947,8
s947,17
s947,33
s948,1
s948,8
s948,17
s949,1
s949,8
s949,18
s950,9
s950,16
s951,2
s951,15
s951,39
s952,2
s952,8
s952,9
s953,2
s953,14
s953,17
s954,1
s954,8
s954,33
s955,3
s955,8
s955,17
s956,3
s956,17
s956,28
s957,1
s957,3
s957,8
s958,1
s958,8
s958,9
s959,3
s959,8
s959,17
s960,9
s960,16
s960,31
s961,3
s961,8
s961,17
s962,3
s962,9
s962,17
s963,1
s963,8
s963,17
s964,1
s964,8
s964,17
s965,1
s965,2
s965,14
s966,1
s966,2
s966,14
s967,6
s967,17
s967,36
s968,8
s968,33
s969,1
s969,3
s969,21
s970,1
s970,3
s970,9
s971,1
s971,9
s971,17
s972,8
s972,9
s972,16
s973,3
s973,8
s973,17
s974,1
s974,3
s974,17
s975,2
s975,6
s975,14
s976,8
s976,9
s976,17
s977,2
s977,14
s977,23
s978,9
s978,16
s978,36
s979,9
s979,16
s979,36
s980,10
s980,14
s980,25
s981,1
s981,2
s981,14
s982,1
s982,17
s982,33
s983,9
s983,12
s983,36
s984,1
s984,9
s985,8
s985,17
s986,2
s986,14
s986,17
s987,1
s987,8
s987,17
s988,1
s988,8
s988,9
s989,1
s989,8
s989,9
s990,1
s990,3
s990,9
s991,2
s991,14
s992,2
s992,14
s992,17
s993,1
s993,2
s993,15
s994,3
s994,7
s994,8
s995,3
s995,17
s995,21
s996,3
s996,8
s996,9
s997,3
s997,9
s997,17
s998,1
s998,8
s998,9
s999,1
s999,8
s999,17
s1000,3
s1000,17
s1000,26
s1001,1
s1001,3
s1001,8
s1002,1
s1002,3
s1002,8
s1003,1
s1003,3
s1003,8
s1004,1
s1004,3
s1004,8
s1005,1
s1005,3
s1005,8
s1006,1
s1006,3
s1006,8
s1007,1
s1007,3
s1007,8
s1008,1
s1008,3
s1008,8
s1009,1
s1009,3
s1009,8
s1010,1
s1010,3
s1010,8
s1011,1
s1011,3
s1011,8
s1012,1
s1012,3
s1012,8
s1013,9
s1013,16
s1013,25
s1014,3
s1014,17
s1014,21
s1015,1
s1015,3
s1015,8
s1016,9
s1016,16
s1016,25
s1017,2
s1017,8
s1017,9
s1018,7
s1018,8
s1018,9
s1019,8
s1019,9
s1019,18
s1020,3
s1020,8
s1020,17
s1021,1
s1021,3
s1021,17
s1022,3
s1022,8
s1022,12
s1023,8
s1023,9
s1023,21
s1024,3
s1024,17
s1024,21
s1025,15
s1025,20
s1026,1
s1026,3
s1026,8
s1027,8
s1027,9
s1027,18
s1028,3
s1028,8
s1028,17
s1029,3
s1029,8
s1029,17
s1030,3
s1030,8
s1030,17
s1031,2
s1031,14
s1031,17
s1032,14
s1033,1
s1033,3
s1033,18
s1034,1
s1034,3
s1034,21
s1035,1
s1035,3
s1035,9
s1036,1
s1036,14
s1036,38
s1037,14
s1037,17
s1038,1
s1038,8
s1038,33
s1039,1
s1039,33
s1039,38
s1040,1
s1040,18
s1040,33
s1041,1
s1041,33
s1041,38
s1042,1
s1042,33
s1042,38
s1043,1
s1043,33
s1043,38
s1044,1
s1044,33
s1044,38
s1045,1
s1045,18
s1045,38
s1046,1
s1046,8
s1046,33
s1047,1
s1047,8
s1047,33
s1048,1
s1048,33
s1048,38
s1049,1
s1049,33
s1049,38
s1050,1
s1050,33
s1050,38
s1051,1
s1051,18
s1051,33
s1052,1
s1052,18
s1052,38
s1053,1
s1053,18
s1053,33
s1054,1
s1054,3
s1054,18
s1055,1
s1055,33
s1055,37
s1056,1
s1056,3
s1056,8
s1057,1
s1057,3
s1057,21
s1058,1
s1058,3
s1058,21
s1059,1
s1059,3
s1059,21
s1060,1
s1060,3
s1060,21
s1061,15
s1061,17
s1062,1
s1062,33
s1062,38
s1063,1
s1063,3
s1063,7
s1064,1
s1064,3
s1064,8
s1065,17
s1065,18
s1065,26
s1066,3
s1066,8
s1066,17
s1067,7
s1067,8
s1068,1
s1068,3
s1068,17
s1069,3
s1069,5
s1069,17
s1070,3
s1070,8
s1070,17
s1071,3
s1071,21
s1072,17
s1072,43
s1073,1
s1073,3
s1073,17
s1074,3
s1074,8
s1074,17
s1075,3
s1075,8
s1075,17
s1076,3
s1076,8
s1076,17
s1077,3
s1077,5
s1077,8
s1078,3
s1078,8
s1078,17
s1079,3
s1079,8
s1079,17
s1080,3
s1080,5
s1080,8
s1081,1
s1081,2
s1081,17
s1082,3
s1082,7
s1082,8
s1083,1
s1083,8
s1083,33
s1084,16
s1084,20
s1084,36
s1085,16
s1085,20
s1086,6
s1086,16
s1086,36
s1087,1
s1087,14
s1088,14
s1089,1
s1089,3
s1089,17
s1090,8
s1090,18
s1091,3
s1091,7
s1091,8
s1092,3
s1092,7
s1092,8
s1093,16
s1093,36
s1094,8
s1094,18
s1095,3
s1095,8
s1095,17
s1096,3
s1096,8
s1096,17
s1097,1
s1097,3
s1097,17
s1098,5
s1098,8
s1098,21
s1099,1
s1099,8
s1099,17
s1100,1
s1100,8
s1100,17
s1101,8
s1101,33
s1102,3
s1102,21
s1103,1
s1103,27
s1103,41
s1104,9
s1104,16
s1104,17
s1105,9
s1105,16
s1105,17
s1106,8
s1106,17
s1106,18
s1107,9
s1107,18
s1108,3
s1108,8
s1108,17
s1109,2
s1109,16
s1109,17
s1110,1
s1110,3
s1110,26
s1111,8
s1111,17
s1111,18
s1112,16
s1112,18
s1113,3
s1113,8
s1113,17
s1114,1
s1114,2
s1114,8
s1115,15
s1115,20
s1116,21
s1117,14
s1118,3
s1118,8
s1118,17
s1119,3
s1119,8
s1119,17
s1120,2
s1120,14
s1120,17
s1121,1
s1121,17
s1121,18
s1122,1
s1122,3
s1122,17
s1123,1
s1123,3
s1123,17
s1124,8
s1124,9
s1125,8
s1125,9
s1125,21
s1126,1
s1126,3
s1126,8
s1127,1
s1127,3
s1127,8
s1128,1
s1128,3
s1128,8
s1129,1
s1129,3
s1129,21
s1130,3
s1130,17
s1130,18
s1131,2
s1131,3
s1131,17
s1132,1
s1132,18
s1133,1
s1133,18
s1134,1
s1134,18
s1135,5
s1135,8
s1135,17
s1136,8
s1136,9
s1136,25
s1137,2
s1137,14
s1137,17
s1138,3
s1138,8
s1138,17
s1139,3
s1139,17
s1139,21
s1140,3
s1140,8
s1140,17
s1141,3
s1141,8
s1141,17
s1142,1
s1142,3
s1142,17
s1143,1
s1143,3
s1143,17
s1144,9
s1144,16
s1144,17
s1145,1
s1145,3
s1145,21
s1146,1
s1146,3
s1146,21
s1147,3
s1147,17
s1147,21
s1148,7
s1148,8
s1148,9
s1149,3
s1149,8
s1149,17
s1150,1
s1150,3
s1150,8
s1151,6
s1151,16
s1151,36
s1152,8
s1152,9
s1153,3
s1153,8
s1153,17
s1154,8
s1154,9
s1154,16
s1155,2
s1155,9
s1155,17
s1156,3
s1156,8
s1156,17
s1157,3
s1157,8
s1157,17
s1158,3
s1158,8
s1158,17
s1159,3
s1159,16
s1159,17
s1160,16
s1160,20
s1160,36
s1161,3
s1161,8
s1161,17
s1162,1
s1162,17
s1162,33
s1163,17
s1163,18
s1164,1
s1164,17
s1164,18
s1165,1
s1165,8
s1165,17
s1166,7
s1166,17
s1166,36
s1167,3
s1167,8
s1167,9
s1168,9
s1168,16
s1169,1
s1169,3
s1169,17
s1170,2
s1170,15
s1170,17
s1171,1
s1171,33
s1172,14
s1172,17
s1173,6
s1173,16
s1173,20
s1174,2
s1174,14
s1174,17
s1175,3
s1175,8
s1175,17
s1176,2
s1176,8
s1176,17
s1177,1
s1177,3
s1177,17
s1178,18
s1178,26
s1179,3
s1179,17
s1179,18
s1180,6
s1180,16
s1180,20
s1181,14
s1181,17
s1182,1
s1182,2
s1182,14
s1183,3
s1183,18
s1183,21
s1184,2
s1184,6
s1184,16
s1185,14
s1185,20
s1186,2
s1186,14
s1186,17
s1187,2
s1187,14
s1188,7
s1188,8
s1188,9
s1189,1
s1189,2
s1189,14
s1190,8
s1190,9
s1190,25
s1191,1
s1191,9
s1191,17
s1192,1
s1192,3
s1192,21
s1193,1
s1193,3
s1193,8
s1194,8
s1194,11
s1194,17
s1195,8
s1195,17
s1195,25
s1196,1
s1196,33
s1197,3
s1197,17
s1197,18
s1198,8
s1198,9
s1198,16
s1199,3
s1199,7
s1199,17
s1200,3
s1200,17
s1200,18
s1201,8
s1201,17
s1201,36
s1202,8
s1202,17
s1202,18
s1203,18
s1203,21
s1203,27
s1204,3
s1204,8
s1204,17
s1205,1
s1205,3
s1205,21
s1206,1
s1206,3
s1206,21
s1207,1
s1207,3
s1207,21
s1208,1
s1208,3
s1208,21
s1209,1
s1209,3
s1209,5
s1210,1
s1210,3
s1210,21
s1211,1
s1211,3
s1211,21
s1212,1
s1212,33
s1213,1
s1213,33
s1214,34
s1215,1
s1215,33
s1216,1
s1216,33
s1217,1
s1217,33
s1218,1
s1218,33
s1219,1
s1219,33
s1220,8
s1220,9
s1220,25
s1221,3
s1221,17
s1221,21
s1222,8
s1222,17
s1222,33
s1223,3
s1223,8
s1223,17
s1224,14
s1225,8
s1225,9
s1225,25
s1226,1
s1226,2
s1226,17
s1227,1
s1227,8
s1227,17
s1228,1
s1228,17
s1228,39
s1229,1
s1229,3
s1229,21
s1230,1
s1230,44
s1231,1
s1231,3
s1231,17
s1232,3
s1232,9
s1232,18
s1233,1
s1233,3
s1234,3
s1234,8
s1234,17
s1235,18
s1235,26
s1236,9
s1236,18
s1236,26
s1237,7
s1237,8
s1237,9
s1238,2
s1238,8
s1238,17
s1239,2
s1239,8
s1239,17
s1240,8
s1240,17
s1240,33
s1241,3
s1241,21
s1242,1
s1242,8
s1242,17
s1243,1
s1243,9
s1243,16
s1244,1
s1244,3
s1244,5
s1245,7
s1245,9
s1245,17
s1246,2
s1246,14
s1246,17
s1247,8
s1247,17
s1247,44
s1248,8
s1248,17
s1248,44
s1249,1
s1249,3
s1249,8
s1250,3
s1250,8
s1250,17
s1251,1
s1251,3
s1251,21
s1252,1
s1252,3
s1252,21
s1253,3
s1253,17
s1253,21
s1254,2
s1254,16
s1254,17
s1255,3
s1255,17
s1255,26
s1256,2
s1256,16
s1256,17
s1257,1
s1257,3
s1257,9
s1258,1
s1258,33
s1258,41
s1259,3
s1259,17
s1259,21
s1260,3
s1260,5
s1260,21
s1261,8
s1261,21
s1262,1
s1262,3
s1262,21
s1263,1
s1263,17
s1263,44
s1264,9
s1264,16
s1264,25
s1265,9
s1265,16
s1265,25
s1266,8
s1266,9
s1266,25
s1267,11
s1267,16
s1267,17
s1268,1
s1268,17
s1268,18
s1269,1
s1269,17
s1269,18
s1270,6
s1270,16
s1271,8
s1271,11
s1271,33
s1272,8
s1272,25
s1273,1
s1273,3
s1273,17
s1274,1
s1274,8
s1275,2
s1275,14
s1276,1
s1276,3
s1276,7
s1277,1
s1277,3
s1277,7
s1278,8
s1278,17
s1278,36
s1279,8
s1279,17
s1279,18
s1280,3
s1280,17
s1280,18
s1281,3
s1281,17
s1281,18
s1282,1
s1282,3
s1282,7
s1283,8
s1283,11
s1283,17
s1284,6
s1284,36
s1285,8
s1285,17
s1285,18
s1286,3
s1286,8
s1286,17
s1287,1
s1287,3
s1287,17
s1288,1
s1288,3
s1288,17
s1289,15
s1289,20
s1290,1
s1290,2
s1290,17
s1291,1
s1291,3
s1291,17
s1292,1
s1292,9
s1292,16
s1293,1
s1293,3
s1293,21
s1294,1
s1294,9
s1294,17
s1295,3
s1295,17
s1295,18
s1296,1
s1296,3
s1296,8
s1297,1
s1297,3
s1297,17
s1298,3
s1298,17
s1298,18
s1299,3
s1299,16
s1299,18
s1300,3
s1300,16
s1300,17
s1301,3
s1301,17
s1301,21
s1302,2
s1302,14
s1302,17
s1303,8
s1303,9
s1303,17
s1304,14
s1304,20
s1305,1
s1305,8
s1305,17
s1306,3
s1306,21
s1306,26
s1307,8
s1307,17
s1308,16
s1308,25
s1309,8
s1309,16
s1309,17
s1310,1
s1310,8
s1310,17
s1311,8
s1311,17
s1311,21
s1312,8
s1313,3
s1313,21
s1314,1
s1314,3
s1314,17
s1315,3
s1315,8
s1315,17
s1316,8
s1316,17
s1316,31
s1317,8
s1317,17
s1317,31
s1318,3
s1318,17
s1318,26
s1319,14
s1319,17
s1320,8
s1320,9
s1320,33
s1321,1
s1321,9
s1321,17
s1322,3
s1322,8
s1322,17
s1323,8
s1323,9
s1323,17
s1324,8
s1324,17
s1324,31
s1325,3
s1325,8
s1325,17
s1326,3
s1326,8
s1326,17
s1327,3
s1327,8
s1327,17
s1328,1
s1328,3
s1328,8
s1329,1
s1329,3
s1329,17
s1330,6
s1330,17
s1330,36
s1331,8
s1331,17
s1331,18
s1332,8
s1332,17
s1332,18
s1333,8
s1333,17
s1333,18
s1334,8
s1334,18
s1335,18
s1336,8
s1336,17
s1336,18
s1337,8
s1337,17
s1337,18
s1338,1
s1338,16
s1338,17
s1339,3
s1339,8
s1339,17
s1340,6
s1340,17
s1340,20
s1341,1
s1341,17
s1342,8
s1342,17
s1342,33
s1343,8
s1343,9
s1344,1
s1344,8
s1344,9
s1345,1
s1345,8
s1345,9
s1346,8
s1346,9
s1346,18
s1347,9
s1347,18
s1348,3
s1348,17
s1348,26
s1349,1
s1349,8
s1349,17
s1350,1
s1350,3
s1350,21
s1351,3
s1351,17
s1351,36
s1352,2
s1352,8
s1352,17
s1353,3
s1353,17
s1354,8
s1354,9
s1354,18
s1355,2
s1355,14
s1355,17
s1356,1
s1356,3
s1356,8
s1357,3
s1357,17
s1357,21
s1358,8
s1358,9
s1358,18
s1359,15
s1360,1
s1360,2
s1360,16
s1361,3
s1361,17
s1361,28
s1362,16
s1362,18
s1363,3
s1363,17
s1363,21
s1364,3
s1364,17
s1365,7
s1365,8
s1366,7
s1366,8
s1366,31
s1367,3
s1367,8
s1367,17
s1368,16
s1368,17
s1369,3
s1369,17
s1369,18
s1370,3
s1370,7
s1370,8
s1371,3
s1371,17
s1371,21
s1372,1
s1372,3
s1372,18
s1373,1
s1373,3
s1373,18
s1374,1
s1374,3
s1374,18
s1375,14
s1375,20
s1376,3
s1376,17
s1376,36
s1377,1
s1377,8
s1377,9
s1378,1
s1378,3
s1378,7
s1379,1
s1379,3
s1379,8
s1380,3
s1380,8
s1380,16
s1381,3
s1381,8
s1381,17
s1382,3
s1382,8
s1382,17
s1383,3
s1383,17
s1383,21
s1384,1
s1384,2
s1384,17
s1385,3
s1385,8
s1385,17
s1386,1
s1386,17
s1387,1
s1387,17
s1387,27
s1388,1
s1388,3
s1388,17
s1389,2
s1389,14
s1389,17
s1390,1
s1390,17
s1390,33
s1391,9
s1391,16
s1392,9
s1392,16
s1392,18
s1393,3
s1393,8
s1393,17
s1394,8
s1394,11
s1394,18
s1395,8
s1395,18
s1396,8
s1396,18
s1397,1
s1397,8
s1397,17
s1398,1
s1398,3
s1398,7
s1399,8
s1399,9
s1399,18
s1400,1
s1400,3
s1400,8
s1401,14
s1402,1
s1402,3
s1402,17
s1403,1
s1403,9
s1403,18
s1404,1
s1404,2
s1404,17
s1405,1
s1405,2
s1405,16
s1406,1
s1406,3
s1406,8
s1407,2
s1407,15
s1407,42
s1408,1
s1408,2
s1408,14
s1409,3
s1409,8
s1409,17
s1410,3
s1410,21
s1411,3
s1411,21
s1411,26
s1412,3
s1412,8
s1412,17
s1413,8
s1413,9
s1413,18
s1414,1
s1414,8
s1414,9
s1415,1
s1415,3
s1415,21
s1416,2
s1416,14
s1416,17
s1417,1
s1417,3
s1417,8
s1418,1
s1418,3
s1418,21
s1419,3
s1419,8
s1419,17
s1420,2
s1420,8
s1420,17
s1421,8
s1421,18
s1422,9
s1422,16
s1422,18
s1423,3
s1423,8
s1423,17
s1424,9
s1424,26
s1424,33
s1425,8
s1425,9
s1425,33
s1426,8
s1426,9
s1426,33
s1427,8
s1427,33
s1428,8
s1428,9
s1428,33
s1429,3
s1429,8
s1429,17
s1430,8
s1430,17
s1430,18
s1431,8
s1431,17
s1431,18
s1432,1
s1432,3
s1432,8
s1433,2
s1433,6
s1433,16
s1434,1
s1434,3
s1434,9
s1435,8
s1435,9
s1435,21
s1436,8
s1436,17
s1436,33
s1437,3
s1437,17
s1437,27
s1438,1
s1438,3
s1438,8
s1439,2
s1439,16
s1439,17
s1440,1
s1440,8
s1440,9
s1441,1
s1441,8
s1441,33
s1442,21
s1442,25
s1443,1
s1443,33
s1444,8
s1444,9
s1444,18
s1445,3
s1445,8
s1445,17
s1446,1
s1446,17
s1446,33
s1447,1
s1447,8
s1447,17
s1448,6
s1448,8
s1448,16
s1449,7
s1449,8
s1449,9
s1450,1
s1450,2
s1450,3
