show_id,cast_ids
s1,640
s1,3553
s1,3577
s1,360
s1,3155
s1,761
s2,1783
s2,2743
s2,1019
s3,2981
s3,1864
s3,936
s3,2939
s4,856
s4,28
s4,949
s4,97
s4,1221
s4,1784
s5,1865
s5,2844
s5,1325
s5,3048
s6,1561
s6,3640
s7,1735
s7,1404
s7,3622
s7,1241
s7,3555
s7,3736
s8,1300
s8,2431
s8,787
s8,3180
s8,3382
s8,907
s9,1042
s9,1037
s9,648
s9,3489
s9,2609
s9,2524
s10,3370
s10,865
s10,354
s10,1167
s11,993
s11,2031
s11,2870
s11,2108
s11,2396
s11,401
s12,3749
s13,3336
s13,1862
s13,420
s13,1872
s13,3115
s13,1254
s14,1039
s14,3733
s15,2543
s16,3749
s17,1540
s17,2375
s18,2536
s18,132
s18,3055
s18,3332
s18,810
s19,552
s19,1927
s19,2121
s19,1101
s19,718
s19,1138
s20,146
s20,2811
s20,1607
s20,3517
s20,1496
s20,3395
s21,3344
s21,2147
s21,304
s21,878
s21,3455
s21,1277
s22,2159
s22,1496
s22,1907
s22,1939
s22,3208
s22,663
s23,3660
s23,2372
s23,3155
s23,375
s23,3694
s23,398
s24,1128
s24,3051
s24,227
s24,51
s24,2079
s24,3509
s25,1054
s25,1143
s25,1090
s25,1549
s25,1754
s25,2840
s26,644
s27,3749
s28,3749
s29,1939
s30,1856
s30,2009
s31,2870
s31,2206
s31,1540
s31,983
s31,190
s32,3305
s32,273
s32,3561
s32,2600
s32,2528
s32,315
s33,272
s33,2545
s33,195
s33,1565
s33,2090
s33,245
s34,2366
s34,3735
s34,58
s34,2837
s34,2009
s34,2390
s35,378
s36,3749
s37,372
s37,1218
s37,1398
s37,2819
s37,3086
s38,2172
s38,3546
s38,2856
s38,1794
s38,577
s39,800
s39,2656
s39,3722
s39,3577
s39,1415
s40,3749
s41,3749
s42,3749
s43,1659
s43,879
s43,1731
s43,1983
s43,2464
s43,1753
s44,236
s44,3307
s44,2906
s44,3050
s44,3067
s44,2419
s45,2206
s45,476
s45,3209
s45,2081
s45,2151
s45,2951
s46,347
s46,864
s46,951
s46,3212
s46,3654
s47,697
s47,849
s47,771
s47,2586
s47,313
s47,2847
s48,986
s48,1858
s48,2289
s48,2610
s48,589
s48,1057
s49,1217
s49,975
s49,1228
s49,2080
s49,2610
s49,2393
s50,3003
s50,975
s50,3174
s50,1625
s50,144
s50,2525
s51,1609
s51,2557
s51,3130
s51,1720
s51,1639
s51,2706
s52,1982
s52,138
s52,360
s52,445
s53,1820
s54,3749
s55,3749
s56,2104
s56,2381
s56,2648
s56,2413
s56,2540
s56,3260
s57,3477
s57,1296
s57,72
s57,150
s57,803
s57,1080
s58,1353
s58,281
s58,1806
s58,3694
s58,1976
s58,2082
s59,2174
s59,1557
s59,34
s60,3749
s61,1024
s62,73
s63,353
s63,1536
s63,1260
s63,1364
s63,1673
s63,425
s64,2498
s64,2261
s64,575
s64,3499
s64,3046
s64,2665
s65,2662
s66,3749
s67,3749
s68,3749
s69,3522
s69,3405
s69,2962
s69,2042
s69,1528
s69,2970
s70,456
s70,1995
s70,360
s70,831
s70,3577
s70,1775
s71,865
s71,354
s71,3689
s71,3427
s71,3729
s71,856
s72,3687
s72,677
s72,1410
s72,2776
s72,210
s72,3528
s73,2360
s73,668
s73,3323
s73,2517
s73,452
s73,1925
s74,638
s75,3226
s75,1240
s75,885
s75,2747
s75,2954
s75,2979
s76,3152
s77,2093
s78,1027
s78,417
s78,1330
s78,2894
s79,1289
s80,257
s80,813
s81,1659
s81,879
s81,530
s81,1633
s81,1983
s81,2464
s82,1659
s82,3558
s82,2139
s82,1941
s82,302
s82,3609
s83,1571
s83,2966
s83,813
s83,3558
s83,675
s83,3580
s84,187
s84,3275
s84,1124
s84,3190
s84,1501
s84,1979
s85,640
s85,3553
s85,3577
s85,360
s85,3155
s86,1514
s86,2216
s86,1616
s86,1917
s86,3669
s86,2635
s87,1519
s87,852
s87,1377
s88,994
s89,3749
s90,736
s90,2160
s90,3088
s90,569
s90,39
s90,2236
s91,3749
s92,3749
s93,800
s93,1971
s93,2656
s93,3722
s93,1415
s93,2790
s94,224
s94,2309
s95,3593
s95,975
s95,144
s95,2479
s95,3496
s95,1716
s96,3269
s96,208
s96,2210
s96,3192
s96,2666
s96,3697
s97,2444
s98,333
s98,2274
s98,1567
s98,931
s98,2520
s99,3749
s100,1517
s100,1476
s100,1796
s100,1852
s100,1866
s100,2164
s101,1021
s101,3316
s101,418
s101,2634
s101,3218
s101,2521
s102,1831
s102,252
s102,2533
s102,3581
s102,1563
s102,130
s103,958
s104,1733
s105,3749
s106,2885
s107,628
s107,42
s107,3386
s107,177
s108,783
s108,504
s108,2055
s108,2516
s108,2484
s108,559
s109,1739
s110,2970
s110,1519
s110,2687
s110,1661
s110,3312
s110,204
s111,1890
s111,2865
s111,1493
s111,1317
s111,2118
s111,3181
s112,2043
s112,229
s112,118
s112,1636
s112,2663
s113,2900
s113,1151
s113,2471
s113,3683
s113,1704
s113,2370
s114,2233
s114,3608
s114,3136
s114,1996
s114,2001
s115,2028
s115,724
s115,839
s115,2791
s115,223
s115,989
s116,3038
s116,1041
s117,372
s117,1218
s118,1609
s118,2557
s118,1720
s118,2706
s118,3328
s118,3600
s119,3637
s120,404
s120,1069
s120,1922
s121,1153
s121,1154
s121,1818
s121,2854
s121,1142
s121,2144
s122,3363
s122,1974
s122,815
s122,1868
s122,1143
s122,117
s123,3597
s123,2670
s123,852
s123,1257
s123,1959
s123,3158
s124,315
s124,3230
s124,2257
s124,3191
s124,2450
s124,120
s125,1659
s125,146
s125,1770
s125,2876
s125,2825
s125,92
s126,1044
s126,237
s127,1058
s127,3747
s127,2655
s127,2705
s128,2637
s129,1076
s129,1733
s129,3296
s129,3064
s129,1869
s129,1291
s130,3569
s131,1503
s131,1757
s131,642
s131,2550
s131,1963
s131,2094
s132,2823
s132,1477
s132,1491
s132,1411
s132,1222
s132,1607
s133,102
s134,2963
s134,1285
s134,2493
s134,3729
s135,360
s135,761
s136,2181
s136,2492
s136,521
s136,733
s136,3614
s136,2678
s137,3749
s138,1327
s138,2753
s138,2606
s138,1185
s138,2299
s138,1899
s139,1327
s139,2752
s139,1185
s139,2606
s139,2038
s139,3537
s140,1096
s141,3098
s141,3175
s141,2924
s141,1435
s141,2930
s141,2286
s142,1052
s143,3749
s144,3375
s145,443
s145,1723
s145,3355
s145,363
s145,1205
s145,2398
s146,2462
s146,2040
s146,360
s146,3407
s147,3388
s148,3620
s148,2507
s148,1763
s148,674
s149,456
s149,1995
s149,360
s149,3553
s149,3577
s149,1436
s150,3577
s150,2731
s150,1995
s151,3096
s152,2977
s152,1864
s152,936
s152,3254
s152,1943
s152,2939
s153,3613
s153,1045
s153,1732
s153,3677
s153,1688
s153,2594
s154,384
s155,3444
s156,1081
s157,1864
s157,1983
s157,3521
s157,3314
s157,188
s157,605
s158,3071
s159,2785
s160,3222
s160,3676
s160,87
s160,3431
s160,1518
s160,2352
s161,320
s161,2520
s162,1982
s162,1234
s162,1522
s162,1519
s162,3187
s162,931
s163,1943
s163,557
s163,2330
s163,3617
s163,433
s163,220
s164,3749
s165,2095
s166,3749
s167,3749
s168,806
s169,2447
s169,3226
s169,3476
s169,2814
s169,745
s169,1124
s170,1657
s171,431
s172,3491
s172,3358
s172,434
s172,1015
s172,125
s173,116
s173,3504
s173,2381
s173,3162
s173,847
s173,798
s174,782
s174,504
s174,2055
s174,559
s174,3526
s174,2484
s175,2140
s175,1502
s175,2976
s176,2637
s177,644
s178,3749
s179,806
s180,1171
s181,408
s182,456
s182,3155
s182,360
s182,831
s182,3576
s183,379
s183,1852
s183,311
s183,2625
s183,1460
s183,2314
s184,800
s184,2656
s184,3722
s185,2970
s185,1518
s185,2687
s185,1661
s185,3312
s185,204
s186,239
s186,3530
s186,2617
s186,2821
s186,614
s186,2424
s187,2483
s187,1618
s187,3196
s187,459
s187,1596
s187,737
s188,1111
s188,2356
s188,2052
s188,219
s188,526
s188,3643
s189,296
s190,3558
s190,2161
s190,2653
s190,3262
s190,2412
s190,1157
s191,3715
s192,3602
s192,1554
s192,271
s192,3236
s192,258
s193,2962
s193,2042
s193,3405
s193,3522
s194,1033
s194,1029
s195,1556
s195,1540
s195,1150
s195,2495
s195,2375
s195,1777
s196,212
s196,2945
s196,2248
s196,175
s196,991
s196,804
s197,1420
s197,1509
s197,1759
s197,3187
s197,2250
s197,3425
s198,57
s198,1208
s198,1108
s198,2531
s198,3188
s198,2163
s199,1261
s199,3550
s199,1385
s199,1339
s199,1356
s199,1462
s200,3638
s200,2216
s200,1220
s200,484
s200,2486
s200,657
s201,3749
s202,3532
s203,1373
s204,2448
s204,2518
s204,308
s204,1162
s204,930
s204,1759
s205,2063
s205,273
s205,1523
s205,1307
s205,820
s205,326
s206,3454
s206,785
s206,2674
s206,898
s206,3587
s206,2689
s207,3749
s208,3272
s208,1711
s208,565
s208,1224
s208,2494
s208,1507
s209,868
s209,2522
s209,421
s209,1474
s210,2938
s210,479
s210,321
s210,1428
s210,2980
s210,919
s211,3158
s211,270
s211,1552
s211,674
s211,1489
s211,555
s212,2122
s212,781
s212,1375
s212,2765
s212,1347
s212,3245
s213,940
s214,2779
s214,860
s214,1390
s214,2613
s215,2523
s215,712
s215,3265
s215,3703
s215,139
s215,3121
s216,1999
s216,627
s216,1207
s216,478
s216,2332
s216,838
s217,2615
s218,645
s218,2387
s218,402
s218,241
s219,623
s220,913
s220,389
s220,3485
s221,1351
s221,2352
s221,3128
s221,2319
s221,2970
s221,2507
s222,399
s222,1547
s222,2331
s222,1378
s222,394
s222,1189
s223,3243
s223,2511
s223,2915
s223,142
s223,422
s224,654
s225,3243
s225,2511
s225,1294
s225,142
s225,527
s225,2915
s226,1477
s226,1411
s226,1491
s226,1222
s226,199
s226,2069
s227,2690
s227,1887
s227,2325
s227,2304
s227,1311
s228,1503
s228,1757
s228,642
s228,2550
s228,1963
s228,2094
s229,1543
s229,223
s229,2054
s229,3537
s230,1286
s230,2579
s230,2029
s230,1056
s230,728
s230,1253
s231,3749
s232,3749
s233,3749
s234,931
s235,690
s235,1093
s235,2278
s235,3105
s235,2291
s235,3223
s236,3518
s236,3012
s236,109
s237,2822
s237,2992
s237,1879
s237,3684
s237,1433
s237,1867
s238,3415
s238,3293
s239,910
s239,848
s239,318
s239,413
s239,2017
s239,3553
s240,1372
s240,1362
s240,1308
s241,1813
s241,2197
s241,1814
s241,469
s241,791
s241,1259
s242,3749
s243,1021
s243,1823
s243,3448
s243,1998
s243,331
s244,3299
s244,1590
s244,474
s245,1883
s245,1747
s245,3729
s245,3032
s245,3324
s245,2697
s246,3749
s247,1445
s248,203
s248,1750
s248,1622
s248,1327
s248,3572
s249,2308
s249,3541
s249,2987
s249,2823
s249,939
s249,921
s250,3031
s250,2438
s250,16
s250,2294
s250,2636
s250,698
s251,3232
s251,613
s251,104
s251,1316
s251,52
s251,217
s252,580
s253,183
s253,1583
s253,761
s253,2519
s253,3166
s253,2696
s254,607
s254,2451
s254,839
s255,621
s255,1223
s255,1915
s255,1331
s256,1664
s256,3416
s256,2944
s256,1235
s256,662
s256,154
s257,17
s257,1172
s257,2559
s257,2684
s257,93
s257,3286
s258,1174
s258,3671
s258,1237
s258,1399
s258,260
s258,822
s259,3688
s259,3671
s259,260
s259,3306
s259,535
s259,2732
s260,1258
s260,3437
s260,2272
s260,3127
s260,1091
s261,886
s261,1006
s261,1560
s261,884
s261,43
s262,778
s263,319
s263,541
s263,971
s263,2603
s263,357
s263,1569
s264,2637
s265,2614
s266,2440
s266,1584
s266,3536
s266,1393
s266,761
s266,156
s267,3749
s268,1779
s268,780
s268,1550
s268,1319
s268,1016
s268,2832
s269,3366
s269,1533
s269,2782
s269,465
s269,193
s269,2968
s270,3749
s271,2576
s271,1605
s271,1638
s271,1595
s271,1461
s271,2223
s272,735
s272,502
s272,437
s272,1769
s272,3522
s273,1609
s273,1143
s273,2454
s273,254
s273,2548
s273,1775
s274,1893
s274,1898
s274,813
s274,1821
s275,3749
s276,3231
s276,3165
s276,488
s276,1620
s276,2123
s276,1310
s277,2654
s278,1953
s279,216
s279,3256
s279,818
s279,1149
s279,3718
s280,2224
s280,2299
s280,2199
s280,3058
s280,210
s280,1022
s281,3749
s282,1200
s282,247
s282,3199
s282,1955
s282,3150
s282,122
s283,129
s283,833
s283,1459
s283,1656
s283,3210
s284,443
s284,1723
s284,378
s284,363
s285,850
s285,1694
s285,147
s285,1845
s285,604
s285,2154
s286,3749
s287,3749
s288,2962
s288,2042
s288,3405
s288,3522
s288,1528
s289,1278
s289,392
s289,1245
s289,3349
s289,2994
s289,341
s290,276
s290,3146
s290,3270
s290,3402
s291,1208
s292,948
s293,2633
s293,980
s293,2068
s293,3164
s293,1312
s294,2935
s294,2183
s294,1125
s294,2344
s294,2194
s294,2060
s295,3749
s296,3366
s296,416
s296,1463
s296,3543
s296,2928
s297,3366
s297,1197
s297,416
s297,3543
s297,2928
s297,549
s298,2442
s298,132
s298,318
s298,197
s298,848
s298,329
s299,976
s299,3744
s299,588
s299,3119
s299,678
s299,1495
s300,1780
s300,1251
s300,865
s300,3023
s300,1160
s300,1867
s301,1348
s301,2990
s301,1752
s301,424
s301,957
s301,1487
s302,3749
s303,441
s303,3685
s303,335
s303,2792
s303,3687
s303,3634
s304,2159
s304,3299
s304,1624
s304,2753
s304,2163
s304,3634
s305,3719
s306,3430
s307,1524
s307,3295
s307,2176
s307,1107
s307,115
s307,2487
s308,368
s309,3749
s310,3182
s311,1126
s311,777
s311,1468
s311,2047
s311,1924
s312,3152
s313,47
s313,1710
s313,2054
s313,1768
s313,546
s313,2618
s314,500
s314,2156
s314,1097
s314,395
s314,1699
s314,363
s315,1143
s315,2276
s315,322
s315,1146
s315,1973
s315,2929
s316,1120
s316,2831
s316,3463
s316,2033
s316,2964
s316,2016
s317,2912
s317,231
s317,3584
s318,1542
s318,1763
s318,2735
s318,747
s318,548
s318,1737
s319,3749
s320,3531
s320,3493
s320,2161
s320,2113
s320,1145
s320,3658
s321,2830
s322,2192
s323,1774
s323,3363
s323,3689
s323,3264
s323,1517
s323,151
s324,806
s325,2693
s326,3749
s327,2696
s328,1897
s328,863
s328,2862
s328,503
s328,3414
s328,540
s329,82
s329,2204
s329,1623
s329,3737
s329,1943
s329,2745
s330,1622
s330,3518
s330,184
s330,45
s330,2921
s330,874
s331,3749
s332,1934
s333,3749
s334,3749
s335,2534
s335,1143
s335,1592
s335,198
s335,656
s335,3570
s336,783
s336,504
s336,2055
s336,559
s336,3257
s336,3171
s337,3749
s338,806
s339,3749
s340,3749
s341,2036
s342,2762
s342,1945
s342,3318
s342,2446
s342,2205
s342,1959
s343,1835
s343,3220
s343,1289
s343,1633
s343,1543
s343,67
s344,1678
s344,3464
s344,767
s344,2463
s344,1586
s344,1480
s345,2502
s345,1841
s345,2069
s345,697
s345,1415
s345,335
s346,1977
s346,1767
s346,1630
s346,543
s346,3320
s346,1177
s347,1732
s347,866
s348,3723
s348,1009
s348,1368
s348,1764
s348,1659
s348,3725
s349,2066
s349,2329
s349,2541
s349,837
s349,2427
s349,490
s350,3167
s350,160
s350,2547
s350,632
s351,2050
s351,2341
s351,1198
s351,1681
s351,2467
s351,3020
s352,3363
s352,1717
s352,1074
s352,1057
s352,2091
s352,1714
s353,2341
s353,2019
s353,1484
s353,519
s353,715
s353,1226
s354,3749
s355,3325
s355,2582
s355,2881
s355,1152
s355,2686
s355,1866
s356,3749
s357,3439
s357,10
s357,1531
s357,1987
s358,1512
s358,1355
s358,1975
s358,1395
s358,163
s358,44
s359,3749
s360,815
s360,3336
s360,422
s360,3453
s360,1960
s360,2937
s361,815
s361,1071
s361,1968
s361,788
s361,1854
s361,1405
s362,3749
s363,640
s363,1995
s363,360
s363,3553
s363,3577
s364,1454
s364,2768
s364,1571
s364,2063
s364,3580
s364,2458
s365,2336
s365,1815
s365,832
s365,1853
s365,3091
s365,571
s366,2336
s366,1815
s366,832
s366,1853
s366,959
s366,571
s367,82
s367,1438
s367,2755
s368,3749
s369,338
s370,1679
s371,1774
s371,1301
s371,744
s371,400
s371,3094
s371,561
s372,2537
s372,810
s372,3332
s372,132
s373,1337
s373,1989
s373,2669
s373,1775
s373,889
s373,893
s374,2253
s374,2061
s374,1185
s374,3355
s374,2708
s374,2452
s375,864
s375,3212
s375,2439
s375,2285
s375,951
s375,3708
s376,864
s376,951
s376,3212
s376,3055
s376,653
s376,3655
s377,3522
s377,2966
s377,3405
s377,1510
s377,2181
s377,3225
s378,2862
s378,540
s378,1350
s378,2769
s378,2710
s379,2720
s379,1674
s379,104
s379,3452
s379,2642
s379,2768
s380,3749
s381,3595
s382,955
s383,3749
s384,1939
s384,1496
s384,2159
s384,1907
s384,663
s385,2358
s386,3531
s386,3493
s386,1796
s386,540
s386,3355
s386,3513
s387,2928
s387,2368
s387,1621
s387,1929
s387,2477
s387,1762
s388,1229
s388,3170
s388,2348
s388,2700
s388,3539
s388,2269
s389,3430
s390,37
s390,3114
s390,1264
s390,890
s390,2265
s390,717
s391,1633
s392,2153
s392,377
s392,2035
s392,521
s392,1255
s393,2295
s394,1336
s394,3311
s394,303
s394,3693
s394,3492
s395,1574
s395,2810
s395,749
s395,1131
s395,1603
s395,2746
s396,291
s397,2823
s397,1477
s397,1491
s397,1411
s397,1222
s397,1607
s398,3016
s398,1361
s398,1680
s398,3656
s398,114
s398,1686
s399,2924
s399,2193
s400,3426
s400,2751
s400,1637
s400,2104
s400,2150
s400,1782
s401,1939
s402,2901
s402,2736
s402,1513
s402,2759
s402,3313
s402,1130
s403,750
s404,2730
s405,1025
s406,3749
s407,3148
s407,797
s407,2763
s407,75
s407,2859
s407,2989
s408,1962
s409,1048
s409,193
s409,1020
s409,2815
s409,2504
s409,2519
s410,2093
s411,2825
s412,2830
s413,1351
s413,1724
s413,3064
s413,2188
s413,1641
s413,1937
s414,2014
s414,3149
s414,3612
s414,2315
s414,2578
s414,553
s415,977
s415,2422
s415,2783
s415,1926
s415,2530
s415,2726
s416,1216
s416,1442
s416,486
s416,2394
s416,2756
s416,3123
s417,1140
s417,2588
s417,1628
s417,2032
s417,1946
s417,1099
s418,1140
s418,1706
s418,904
s418,1450
s418,1946
s418,1099
s419,3749
s420,3749
s421,1890
s421,203
s421,2539
s421,2454
s421,3008
s421,1455
s422,256
s422,3642
s422,108
s422,807
s422,136
s422,2474
s423,3749
s424,1155
s424,809
s424,2323
s424,2111
s424,1939
s424,1216
s425,2727
s426,3191
s426,187
s426,840
s426,1453
s426,487
s426,2961
s427,603
s427,2143
s428,1763
s428,674
s428,2507
s429,2622
s429,2501
s429,3584
s429,2180
s429,542
s429,585
s430,3202
s430,2936
s431,806
s432,19
s432,1349
s432,2683
s432,1707
s432,740
s432,1514
s433,2849
s433,1210
s433,2575
s433,3668
s433,1417
s433,880
s434,603
s434,2143
s434,2820
s435,3189
s436,3189
s437,307
s438,1477
s438,3730
s438,2599
s438,2987
s438,2045
s439,603
s439,2143
s440,1611
s441,1469
s442,1572
s442,315
s442,1306
s442,104
s442,3014
s442,3523
s443,2694
s443,1997
s443,2777
s443,3215
s443,2047
s443,1676
s444,2600
s445,2741
s445,86
s445,1403
s445,2385
s445,3621
s445,2740
s446,3060
s447,473
s448,3749
s449,419
s450,350
s451,3494
s452,3038
s453,1546
s454,3353
s455,774
s455,1468
s455,3221
s455,1475
s455,570
s455,1102
s456,3351
s457,806
s458,3749
s459,865
s459,2460
s459,902
s459,2887
s459,354
s459,1167
s460,368
s461,3189
s462,1890
s462,1672
s462,454
s462,2039
s462,2114
s462,1367
s463,3749
s464,407
s464,2339
s465,763
s466,2845
s467,3660
s467,3714
s468,1654
s468,113
s468,3539
s468,610
s468,2780
s468,1062
s469,3749
s470,776
s471,1387
s471,2115
s471,3537
s471,2009
s471,717
s471,762
s472,1792
s472,3125
s472,944
s472,2254
s472,374
s472,3233
s473,2896
s474,1609
s474,2557
s474,1720
s474,2777
s474,2706
s474,3130
s475,2695
s475,3380
s476,2276
s476,3478
s476,693
s476,2255
s476,2919
s476,3002
s477,76
s477,3717
s477,1136
s477,1003
s477,3465
s477,2920
s478,1477
s478,1609
s478,2557
s478,1720
s478,1411
s478,2706
s479,2276
s479,3478
s479,3002
s479,2255
s479,874
s479,2919
s480,1030
s481,3734
s481,960
s481,2946
s481,3063
s481,3372
s482,874
s482,2999
s482,1907
s482,693
s482,1648
s482,2276
s483,2977
s483,1864
s483,936
s483,20
s483,1751
s483,2481
s484,1054
s484,201
s484,541
s484,710
s484,98
s484,3539
s485,3365
s485,2766
s485,1679
s485,1884
s485,614
s485,2821
s486,1140
s486,1951
s486,2196
s486,1450
s486,1930
s486,1946
s487,3204
s487,367
s487,2882
s487,2872
s487,1363
s487,2605
s488,626
s488,3297
s488,1579
s488,3340
s488,545
s489,2159
s489,1496
s489,1939
s489,1907
s489,1721
s489,637
s490,3660
s490,970
s490,3670
s490,3710
s490,1035
s490,1046
s491,3660
s491,2839
s491,1034
s491,1046
s491,1031
s492,3073
s492,644
s492,2403
s492,642
s492,3226
s492,990
s493,3557
s493,2628
s493,1358
s493,90
s493,3138
s493,461
s494,1424
s494,1320
s494,422
s494,3119
s494,1191
s494,1358
s495,1694
s495,685
s495,3424
s495,1775
s495,3577
s495,612
s496,1449
s497,3749
s498,985
s499,363
s499,315
s499,1497
s499,2327
s499,3226
s499,1345
s500,2352
s500,679
s500,3532
s500,2319
s500,2970
s500,2507
s501,591
s501,2027
s501,223
s501,2305
s501,761
s501,1255
s502,591
s502,223
s502,2305
s502,761
s502,3036
s502,2027
s503,3749
s504,427
s504,1579
s504,2793
s504,956
s505,3660
s506,3749
s507,3749
s508,2247
s509,442
s509,564
s509,429
s509,178
s509,2629
s510,3338
s511,1473
s512,442
s513,2296
s513,439
s513,99
s513,3244
s513,2924
s513,3364
s514,877
s515,3524
s516,1529
s517,1964
s518,3749
s519,3749
s520,2661
s520,1232
s520,1334
s520,1921
s520,1329
s520,1335
s521,1444
s521,1797
s521,2554
s521,1506
s521,2850
s521,1105
s522,2127
s522,1564
s522,1746
s522,2137
s522,2200
s522,2299
s523,1321
s523,2534
s523,1667
s523,363
s523,3659
s523,1161
s524,283
s524,3666
s524,2551
s524,2383
s524,844
s524,1064
s525,1
s525,1
s525,1
s525,1
s525,1
s525,1
s526,336
s526,2178
s526,520
s526,2468
s527,3749
s528,3749
s529,360
s530,187
s530,1124
s530,629
s530,3190
s530,1423
s530,1075
s531,558
s531,2396
s531,22
s531,795
s531,1833
s531,2777
s532,3436
s532,2333
s532,3197
s532,2404
s532,710
s532,987
s533,3749
s534,2395
s535,3027
s535,2623
s535,3420
s535,882
s535,1948
s535,2243
s536,73
s537,829
s538,447
s538,2252
s538,3474
s538,3034
s538,1388
s538,14
s539,3078
s539,2134
s539,3627
s539,2100
s539,327
s539,2485
s540,3078
s540,2134
s540,1689
s540,3627
s540,2100
s540,327
s541,3749
s542,3714
s543,3038
s544,2364
s545,3714
s546,2102
s547,3749
s548,561
s548,2367
s548,661
s548,691
s548,3658
s548,159
s549,2940
s550,2397
s551,3714
s552,2720
s552,1902
s552,1437
s552,965
s552,3244
s552,1980
s553,3096
s554,3527
s555,3714
s556,3735
s556,2366
s556,1087
s556,717
s557,1631
s558,2694
s559,3577
s559,761
s559,456
s559,3155
s559,360
s559,831
s560,3749
s561,2925
s561,1606
s562,1109
s562,489
s562,1156
s562,2366
s562,2673
s562,2191
s563,328
s563,1201
s563,547
s563,2667
s563,70
s563,1566
s564,3749
s565,3749
s566,2564
s567,2391
s568,2496
s569,3749
s570,1072
s571,579
s572,2671
s573,3749
s574,3749
s575,3749
s576,3749
s577,2508
s578,1691
s578,2925
s578,1406
s578,2245
s578,544
s578,1305
s579,617
s579,2177
s579,1984
s580,2925
s581,1737
s582,3357
s583,2925
s583,3660
s583,2372
s584,3534
s584,658
s584,1960
s584,2751
s584,2515
s584,2173
s585,3749
s586,391
s587,1787
s587,2925
s588,3749
s589,934
s589,3491
s589,3358
s589,438
s589,1015
s589,124
s590,537
s590,3178
s590,670
s590,3072
s590,945
s590,3383
s591,3749
s592,3250
s592,3709
s592,2754
s592,1811
s592,1371
s592,1407
s593,3018
s593,3309
s593,1431
s593,1214
s593,1849
s593,2107
s594,571
s594,2421
s594,2417
s594,609
s594,259
s594,3712
s595,3263
s595,801
s595,1116
s595,2626
s595,2097
s595,1796
s596,49
s596,3479
s596,918
s596,834
s596,3724
s596,1643
s597,2621
s597,2263
s597,410
s597,2713
s597,2066
s597,1389
s598,1717
s598,1817
s598,968
s598,516
s598,3134
s598,3117
s599,185
s600,2773
s600,2993
s600,2625
s600,3381
s600,2258
s600,952
s601,2760
s601,269
s601,2926
s601,2899
s601,3214
s602,3749
s603,1514
s603,1917
s603,3651
s603,2635
s603,3669
s603,1485
s604,364
s604,3689
s604,3732
s604,2057
s604,3601
s604,1537
s605,2159
s605,1496
s605,1939
s605,1907
s605,3356
s605,1209
s606,1376
s606,1381
s606,1345
s606,2004
s606,855
s606,2490
s607,656
s607,563
s607,312
s607,1466
s607,1874
s607,2175
s608,846
s608,2325
s608,2046
s608,3213
s608,614
s608,435
s609,31
s609,2089
s609,1400
s609,3153
s609,3021
s609,1913
s610,583
s610,2566
s610,2327
s610,814
s610,2415
s610,826
s611,1935
s611,2593
s611,1123
s611,3005
s612,3642
s612,256
s612,3472
s612,555
s612,3029
s612,807
s613,3749
s614,1122
s615,702
s615,1935
s615,3237
s615,3406
s615,246
s616,1023
s617,930
s617,1021
s617,1759
s617,3310
s617,2030
s617,794
s618,930
s618,1021
s618,1297
s618,2030
s618,2500
s618,3563
s619,3536
s619,2453
s619,253
s619,1584
s619,930
s619,761
s620,37
s620,1264
s620,890
s620,930
s620,3093
s621,1696
s621,711
s621,867
s621,1202
s621,201
s622,3345
s622,121
s623,1053
s623,2432
s623,1132
s623,1810
s623,3109
s623,2604
s624,3531
s624,858
s624,1197
s624,1836
s624,981
s624,3283
s625,2775
s625,2177
s625,204
s625,3411
s625,3122
s626,3713
s626,2772
s626,775
s626,3658
s626,2173
s626,631
s627,3531
s627,3493
s627,207
s627,3558
s627,2047
s627,2344
s628,1021
s628,528
s628,3316
s628,418
s628,2634
s628,3217
s629,1551
s629,3364
s629,573
s629,1771
s629,1215
s629,1492
s630,345
s630,2275
s630,1265
s630,1094
s630,2596
s630,823
s631,207
s631,1778
s631,126
s631,1144
s632,1003
s632,3264
s632,629
s632,103
s632,381
s632,1857
s633,3459
s633,3259
s633,601
s633,2590
s634,2762
s634,1945
s634,2446
s634,3318
s634,2205
s635,513
s636,636
s637,318
s637,165
s637,3497
s637,1845
s637,2119
s637,873
s638,2448
s638,2518
s638,308
s638,1162
s638,930
s638,1759
s639,3327
s639,2324
s639,3475
s639,342
s639,1682
s639,1562
s640,2266
s641,1011
s642,3558
s642,33
s642,2620
s642,1500
s642,1701
s642,404
s643,2346
s643,676
s643,2309
s643,250
s643,1176
s644,3006
s644,2334
s644,3649
s644,232
s644,1392
s644,119
s645,3696
s645,2527
s645,2660
s645,2425
s645,2688
s645,2665
s646,3558
s646,1698
s646,404
s647,3139
s647,2211
s647,2959
s647,525
s648,13
s648,572
s648,3537
s649,2206
s649,2054
s650,2206
s650,2054
s650,1936
s651,2206
s651,2054
s651,457
s651,2893
s651,404
s651,406
s652,2054
s652,2835
s652,3567
s652,2293
s652,2589
s652,1396
s653,2206
s653,2054
s653,1854
s653,2022
s654,2206
s654,2054
s654,2589
s654,2337
s654,3079
s655,2206
s655,2054
s656,1740
s656,1936
s657,1017
s657,2972
s657,2363
s657,2982
s657,2203
s658,776
s658,3152
s659,3152
s660,584
s661,3152
s662,3152
s663,3152
s664,1344
s664,2459
s665,3412
s665,3635
s665,2978
s665,3151
s665,1318
s665,684
s666,3299
s666,1902
s666,2805
s666,3506
s666,1049
s666,3291
s667,2213
s667,3337
s667,60
s667,2724
s667,1786
s667,1342
s668,930
s668,1021
s668,3310
s668,2030
s668,2000
s668,3603
s669,3696
s670,1546
s671,2621
s671,2407
s671,3401
s671,2361
s671,2965
s672,3546
s672,2857
s672,1791
s672,2172
s672,3425
s672,2008
s673,1393
s673,3360
s673,2619
s673,600
s673,2396
s673,3537
s674,2222
s675,3558
s675,128
s675,404
s676,2396
s676,558
s676,22
s676,795
s676,1833
s676,2777
s677,3558
s677,416
s677,404
s678,3474
s678,1967
s678,681
s678,189
s678,2065
s678,1859
s679,1945
s679,2762
s679,3318
s679,2446
s679,853
s680,3749
s681,3697
s681,1965
s681,692
s681,3015
s681,2561
s681,2569
s682,3558
s682,2161
s682,1589
s682,404
s683,1141
s683,3322
s684,3558
s684,539
s684,2513
s684,551
s684,347
s684,2161
s685,3749
s686,644
s686,3532
s686,568
s686,1497
s686,1699
s686,3461
s687,2479
s687,962
s687,1051
s687,259
s687,1949
s688,3749
s689,1088
s689,29
s690,122
s690,396
s690,1274
s691,1942
s691,950
s691,1902
s691,268
s691,1206
s691,3229
s692,2200
s692,3537
s692,624
s692,2300
s692,1483
s692,2009
s693,228
s693,1041
s694,930
s694,630
s694,1021
s694,3310
s694,2030
s694,2000
s695,930
s695,630
s695,1021
s695,3057
s695,2030
s695,794
s696,2761
s696,786
s696,1234
s696,930
s696,3537
s697,2366
s697,2313
s698,982
s699,228
s699,1041
s700,213
s700,1287
s700,328
s700,70
s700,3001
s700,1566
s701,213
s701,1288
s701,328
s701,70
s701,3001
s701,1566
s702,3558
s702,3658
s702,64
s702,404
s703,264
s703,2939
s703,1883
s703,1380
s703,143
s704,3558
s704,3093
s704,404
s705,456
s705,3155
s705,360
s705,831
s705,3577
s706,3749
s707,3558
s707,1876
s707,404
s708,1446
s708,1961
s708,1932
s708,2201
s708,891
s708,169
s709,3100
s709,1525
s709,346
s709,567
s709,323
s709,1268
s710,288
s710,1649
s710,2421
s710,412
s710,3399
s710,3200
s711,1358
s711,1503
s711,110
s711,3505
s711,1494
s711,1384
s712,153
s712,2408
s712,2889
s712,2430
s712,1684
s712,2212
s713,2149
s713,1608
s713,2843
s713,2888
s713,3090
s713,3445
s714,864
s714,2120
s714,1960
s714,1440
s714,2922
s714,3024
s715,360
s715,1660
s715,1775
s715,2058
s715,3053
s715,3658
s716,3482
s716,1951
s716,240
s716,2787
s716,2019
s716,819
s717,3749
s718,2632
s718,3163
s718,1644
s718,3227
s718,3329
s718,647
s719,3241
s719,3098
s719,2281
s719,1906
s719,1255
s719,1346
s720,3610
s720,1775
s720,1346
s720,2281
s720,1744
s720,1878
s721,1649
s721,1694
s721,3610
s721,2290
s721,800
s721,1775
s722,1077
s722,3022
s722,3357
s722,1741
s722,3624
s722,2804
s723,1026
s723,1313
s723,3636
s723,1040
s723,1028
s723,1036
s724,2179
s724,3085
s724,1997
s724,2624
s724,1828
s724,2914
s725,3646
s725,3253
s725,2898
s725,1419
s725,498
s725,1276
s726,1332
s726,593
s726,3468
s726,1252
s726,869
s726,1888
s727,1729
s727,290
s727,2026
s727,659
s727,2303
s727,2379
s728,360
s728,1660
s728,1694
s728,1775
s728,422
s728,3632
s729,2901
s729,1949
s729,3318
s729,249
s729,2270
s729,2221
s730,2034
s730,57
s730,261
s730,2163
s730,3634
s730,3630
s731,2692
s731,511
s732,1333
s732,2897
s732,3019
s732,3300
s732,596
s732,1238
s733,1615
s733,779
s733,1868
s733,1558
s733,998
s733,761
s734,2558
s734,1597
s734,779
s734,998
s734,2909
s734,722
s735,420
s735,1102
s735,2353
s735,2707
s735,2744
s735,774
s736,3195
s736,3743
s736,3299
s736,3350
s736,2597
s736,1354
s737,3749
s738,2973
s738,3549
s738,205
s738,1077
s738,3548
s738,2103
s739,3749
s740,2823
s740,96
s740,2054
s740,450
s740,2716
s740,161
s741,3749
s742,3749
s743,3749
s744,3059
s744,2786
s744,908
s744,1744
s744,1694
s744,1775
s745,2786
s745,3059
s745,1744
s745,908
s745,335
s745,3497
s746,3749
s747,2244
s747,1860
s747,280
s747,356
s748,2991
s748,1249
s748,2657
s748,2611
s748,1809
s748,3373
s749,2220
s749,3285
s749,1397
s749,3042
s749,332
s749,2470
s750,3749
s751,3231
s751,3165
s751,825
s751,3410
s751,1620
s751,799
s752,3749
s753,2873
s754,462
s754,2006
s754,2606
s754,1613
s754,3552
s754,1683
s755,3749
s756,1885
s756,2621
s756,3401
s756,2407
s756,2361
s756,1604
s757,3749
s758,600
s758,761
s758,1749
s758,1775
s758,1255
s758,1391
s759,505
s760,317
s760,3700
s760,343
s760,3690
s760,3045
s760,2230
s761,2062
s761,378
s761,1154
s761,1973
s761,3056
s761,2113
s762,923
s762,3510
s762,1901
s762,3486
s762,2906
s762,1677
s763,2235
s763,1113
s763,3740
s764,1180
s764,3184
s764,683
s764,3095
s764,1314
s764,2817
s765,1804
s765,1738
s765,1663
s765,3037
s765,871
s765,792
s766,2811
s766,2366
s766,1738
s766,3037
s766,871
s766,162
s767,2996
s767,3301
s767,1379
s767,3462
s767,2488
s767,646
s768,3749
s769,190
s769,3460
s770,1463
s770,704
s770,3280
s770,48
s770,2280
s770,2728
s771,697
s771,1909
s771,3680
s771,3544
s771,169
s771,2409
s772,934
s772,1812
s772,2499
s772,2382
s772,136
s772,1969
s773,934
s773,1812
s773,2709
s773,2109
s773,821
s773,827
s774,2581
s774,1181
s774,32
s774,167
s774,2228
s774,482
s775,896
s775,1452
s775,1808
s775,2240
s775,3653
s775,3628
s776,3749
s777,2782
s777,2846
s777,416
s777,2206
s777,616
s777,3567
s778,2782
s778,2206
s778,2548
s778,1146
s778,1886
s778,1084
s779,2782
s779,781
s779,639
s779,2676
s779,2206
s779,235
s780,2206
s780,2054
s780,3334
s780,1904
s780,1627
s780,2300
s781,2206
s781,2054
s782,2054
s782,2206
s782,2589
s782,3567
s782,2293
s782,416
s783,2206
s783,2054
s784,2206
s784,2054
s785,2206
s785,2054
s786,2782
s786,2206
s786,3367
s786,1746
s786,1842
s786,845
s787,2801
s787,2739
s787,3650
s787,1303
s787,1068
s787,3276
s788,2052
s788,2317
s788,3515
s788,455
s788,751
s788,1991
s789,3749
s790,3731
s790,1293
s790,995
s790,2823
s790,152
s790,3372
s791,761
s791,2873
s791,1775
s791,3577
s792,3749
s793,1499
s793,1100
s793,3624
s793,3007
s793,1606
s793,2320
s794,1718
s794,3053
s794,761
s794,158
s794,3155
s794,3399
s795,1718
s795,512
s795,3399
s795,3577
s795,3155
s795,158
s796,3749
s797,2321
s797,1021
s797,2612
s797,2131
s797,148
s797,2813
s798,2418
s798,2970
s798,1010
s798,445
s798,3695
s798,1187
s799,2282
s799,23
s799,1361
s799,117
s799,1104
s799,2506
s800,3749
s801,3749
s802,140
s802,133
s802,3284
s802,2587
s802,673
s802,3116
s803,739
s803,3502
s803,2195
s803,2749
s803,11
s804,1147
s804,887
s804,1655
s804,1910
s804,2639
s804,947
s805,74
s805,1638
s805,3246
s805,1788
s805,2130
s805,1192
s806,1775
s806,685
s806,3457
s806,1255
s807,1227
s807,506
s807,1702
s807,2084
s807,725
s807,1508
s808,1227
s808,506
s808,293
s808,1418
s808,2802
s808,2078
s809,3749
s810,3687
s810,3316
s810,1918
s811,2924
s812,1021
s812,528
s812,3316
s812,418
s812,2634
s812,451
s813,3734
s813,3063
s813,2950
s813,3372
s813,754
s813,2781
s814,792
s814,103
s814,2778
s814,2478
s814,1440
s814,3201
s815,3170
s815,3316
s815,2734
s815,2365
s815,2480
s815,1763
s816,483
s816,1392
s816,1827
s816,961
s816,2641
s816,996
s817,2211
s817,2234
s817,667
s817,55
s817,671
s817,2126
s818,2347
s818,2762
s818,1575
s818,920
s818,1196
s819,1482
s819,1279
s819,2476
s819,892
s819,2071
s819,928
s820,1021
s820,528
s820,418
s820,3316
s820,2634
s820,2521
s821,3749
s822,3749
s823,2661
s823,1921
s823,301
s823,802
s823,1329
s823,1335
s824,3749
s825,3326
s825,3317
s825,436
s825,3713
s826,2760
s826,2091
s826,449
s826,2023
s826,18
s826,3571
s827,2161
s827,1662
s827,87
s828,3749
s829,2349
s829,745
s829,1908
s829,876
s829,761
s830,2109
s830,1812
s830,2709
s830,619
s830,2722
s830,1847
s831,3749
s832,3626
s832,2000
s832,3421
s832,1992
s833,3699
s833,427
s833,1579
s833,2793
s833,2056
s834,3553
s834,1566
s834,1162
s834,1394
s834,3673
s834,2119
s835,3672
s835,1775
s835,3155
s835,3553
s835,360
s835,3577
s836,53
s836,3170
s836,2512
s837,3749
s838,1710
s838,3124
s838,1511
s838,230
s838,2041
s838,2719
s839,3749
s840,3749
s841,3749
s842,369
s842,669
s842,458
s842,882
s842,2855
s842,1660
s843,753
s843,1018
s843,112
s843,655
s843,1262
s843,3480
s844,314
s844,2215
s845,3345
s845,121
s846,3430
s846,3203
s846,3068
s846,2449
s846,415
s846,1275
s847,704
s847,3690
s847,2656
s847,3413
s848,1175
s848,46
s848,1755
s848,2668
s849,1587
s849,422
s849,1694
s849,1718
s849,717
s849,3560
s850,3040
s850,1651
s850,255
s850,3140
s850,768
s850,2791
s851,3271
s851,1759
s851,3676
s851,1264
s851,1694
s851,1761
s852,497
s852,3331
s852,1146
s852,2275
s852,623
s852,1689
s853,1806
s853,3201
s853,2074
s853,1078
s854,3660
s855,3198
s856,1877
s857,1861
s858,3493
s859,2386
s860,3518
s861,2534
s862,580
s863,1182
s863,1165
s863,1164
s863,3095
s863,3369
s863,1578
s864,3749
s865,3749
s866,2932
s866,206
s866,3441
s866,2713
s866,3423
s866,1826
s867,3480
s867,1262
s867,655
s867,758
s867,1255
s867,1018
s868,1038
s869,68
s869,3450
s869,3155
s869,3026
s869,697
s869,1976
s870,404
s870,933
s870,1740
s871,743
s871,2568
s871,840
s871,1200
s871,56
s871,2717
s872,3749
s873,1633
s873,2907
s873,652
s874,2875
s875,3432
s875,2775
s875,2996
s875,2405
s875,3131
s875,2182
s876,2853
s876,493
s876,2647
s876,3679
s876,1340
s876,263
s877,47
s877,1710
s877,2491
s877,1343
s877,953
s877,2601
s878,3667
s878,3113
s878,1451
s878,2877
s878,713
s878,1133
s879,3066
s879,3664
s879,212
s879,3671
s879,558
s879,1426
s880,2159
s880,3111
s880,3392
s880,107
s880,3354
s881,1079
s881,2975
s881,1005
s881,2136
s881,1498
s881,3661
s882,3291
s882,704
s882,2714
s882,3542
s882,1008
s883,442
s884,932
s884,3660
s884,2246
s885,3366
s885,1520
s885,2941
s885,345
s885,1600
s885,2866
s886,298
s886,2300
s886,706
s886,468
s886,3337
s886,2858
s887,694
s887,1465
s887,2198
s887,466
s888,3749
s889,1126
s889,71
s889,1073
s889,1993
s889,1441
s889,3598
s890,71
s890,1126
s890,96
s890,3697
s890,422
s890,122
s891,3307
s891,3077
s891,3511
s891,485
s891,1612
s891,238
s892,1824
s892,3625
s892,726
s892,3219
s892,2443
s892,1470
s893,1102
s893,414
s893,2326
s893,2608
s894,3749
s895,3098
s895,2373
s895,699
s895,2982
s895,717
s895,3443
s896,3749
s897,3749
s898,3558
s898,1876
s898,404
s899,1254
s899,2767
s899,3408
s899,1837
s899,1840
s899,2384
s900,3287
s900,832
s900,286
s901,1621
s901,2282
s901,1421
s901,582
s901,3355
s901,683
s902,88
s902,3545
s903,302
s903,2434
s903,2711
s903,3340
s903,756
s904,2159
s904,1496
s904,1907
s904,1939
s904,3208
s904,67
s905,90
s905,2944
s905,3249
s905,1646
s905,1178
s905,903
s906,1089
s906,978
s906,2312
s906,720
s906,2602
s906,727
s907,643
s907,2904
s907,1816
s907,3681
s907,3099
s907,1887
s908,3471
s908,1093
s908,1694
s908,2053
s908,359
s908,1905
s909,3215
s909,2456
s909,3224
s909,1923
s909,3619
s909,2271
s910,3583
s910,1158
s910,3721
s910,2886
s910,2913
s910,591
s911,1670
s911,7
s911,3367
s911,2893
s911,404
s911,2133
s912,404
s913,2282
s913,509
s913,1486
s913,445
s913,106
s913,805
s914,361
s915,3141
s915,317
s915,3170
s915,2903
s915,262
s915,835
s916,1920
s916,3686
s916,784
s917,173
s917,2124
s917,81
s917,376
s917,446
s917,477
s918,480
s918,2234
s918,427
s918,2538
s918,1168
s918,1653
s919,480
s919,2234
s919,427
s919,2538
s919,927
s919,2567
s920,2656
s920,1775
s920,811
s920,3054
s920,761
s920,360
s921,532
s921,145
s921,1765
s921,3387
s921,3172
s921,2607
s922,3749
s923,3749
s924,77
s925,1001
s925,2223
s925,91
s925,1050
s925,166
s925,1370
s926,1093
s926,995
s926,1299
s926,3496
s926,2267
s926,972
s927,924
s927,1956
s927,2138
s927,1829
s927,2917
s927,1148
s928,2138
s928,1956
s928,1829
s928,1148
s928,729
s928,1231
s929,2138
s929,1956
s929,828
s929,1933
s929,1148
s929,2917
s930,3711
s930,546
s930,930
s930,2731
s930,3537
s930,2021
s931,2621
s931,1147
s931,2633
s931,1655
s931,380
s932,2621
s932,1812
s932,2109
s932,2709
s932,2086
s932,380
s933,2621
s933,1147
s933,2380
s933,1655
s933,2883
s933,2526
s934,1653
s934,2633
s934,3491
s934,1950
s934,3252
s934,148
s935,3660
s935,2372
s935,720
s935,2925
s936,3538
s936,12
s936,3279
s936,3533
s936,2225
s936,2838
s937,731
s937,599
s937,1887
s937,3347
s937,1134
s937,1803
s938,922
s938,995
s938,1972
s938,1560
s938,3144
s938,337
s939,1452
s939,2072
s939,3339
s939,1870
s939,2048
s939,1481
s940,3430
s940,1947
s940,3107
s940,840
s940,1619
s940,3392
s941,3730
s941,3616
s941,256
s941,2313
s941,135
s941,760
s942,3730
s942,3616
s942,256
s942,2313
s942,760
s942,2644
s943,3730
s943,3616
s943,256
s943,2313
s943,760
s943,2644
s944,2762
s944,1945
s944,2446
s944,3318
s944,2205
s945,345
s945,3219
s945,2035
s945,2770
s945,3484
s945,3647
s946,3132
s946,1955
s946,1728
s946,3362
s946,1280
s946,785
s947,3037
s947,2374
s947,2292
s947,3082
s947,1881
s947,2089
s948,3037
s948,2449
s948,2374
s948,2165
s948,3473
s948,1645
s949,3037
s949,1212
s949,3092
s949,123
s949,1576
s949,3384
s950,1825
s950,182
s950,3398
s950,2335
s950,2227
s950,3097
s951,296
s952,3413
s952,3291
s952,773
s952,3374
s952,3211
s952,2955
s953,1577
s954,251
s954,3107
s954,2056
s954,2737
s954,626
s954,2457
s955,1871
s956,3749
s957,1264
s957,717
s957,3263
s957,1114
s957,308
s958,1916
s958,1758
s958,26
s958,1297
s958,1212
s958,2217
s959,2981
s959,1864
s959,936
s959,2939
s960,1796
s960,2132
s960,2598
s960,1440
s960,3579
s960,752
s961,1190
s961,3594
s961,2984
s961,3455
s962,151
s962,2923
s962,3024
s962,362
s962,2260
s962,2625
s963,2461
s963,3150
s963,1822
s963,2598
s963,2562
s963,179
s964,1275
s964,1098
s964,518
s964,3562
s964,1832
s964,2399
s965,3749
s966,3361
s966,1043
s966,635
s966,3596
s966,1365
s966,35
s967,2406
s967,1389
s967,1115
s967,2577
s967,2102
s967,2146
s968,3141
s968,2793
s968,2004
s968,2948
s968,85
s968,3691
s969,3078
s969,1585
s969,1070
s969,1775
s969,3568
s969,1617
s970,38
s970,817
s970,196
s970,2342
s970,3645
s971,2340
s971,2120
s971,897
s971,263
s971,463
s971,1324
s972,3098
s972,966
s972,471
s972,1722
s972,358
s972,1242
s973,457
s973,505
s973,1102
s973,1659
s974,2631
s974,1801
s974,2871
s974,2851
s974,3302
s974,3016
s975,1631
s976,925
s976,2902
s976,528
s976,2004
s976,3310
s976,2099
s977,1041
s978,432
s978,3099
s978,2429
s978,3726
s978,1911
s978,164
s979,562
s979,432
s979,3726
s979,2429
s979,2232
s979,2152
s980,2109
s980,1812
s980,2709
s980,934
s980,3439
s980,5
s981,3179
s982,2796
s982,1608
s982,234
s982,964
s982,3466
s982,2892
s983,760
s983,901
s983,3273
s983,2186
s983,2180
s983,2816
s984,1825
s984,2466
s984,173
s984,3398
s984,3346
s984,221
s985,3493
s985,2421
s985,2297
s985,908
s985,1793
s985,3185
s986,3714
s987,3274
s987,1247
s987,127
s987,1582
s987,1839
s987,2411
s988,2239
s988,1059
s988,2441
s988,2760
s988,89
s988,1655
s989,3173
s989,3247
s989,709
s989,3438
s989,752
s989,1518
s990,704
s990,3690
s990,2656
s990,3413
s990,1297
s991,806
s992,3540
s993,1730
s994,3749
s995,3749
s996,2825
s996,3570
s996,1067
s996,906
s996,1852
s996,3676
s997,3556
s997,2158
s997,2910
s998,386
s998,3330
s998,2056
s998,3606
s998,1408
s999,3461
s999,1986
s999,3183
s999,254
s999,1637
s999,2131
s1000,2168
s1000,2664
s1001,3749
s1002,1647
s1002,1943
s1002,3739
s1002,2484
s1002,2473
s1003,2473
s1003,3727
s1003,2721
s1003,556
s1003,2646
s1003,3617
s1004,3536
s1004,212
s1004,3580
s1004,2145
s1004,3193
s1004,2555
s1005,3749
s1006,2458
s1006,3580
s1006,1386
s1006,2552
s1006,3617
s1006,1394
s1007,3749
s1008,3536
s1008,212
s1008,2458
s1008,3580
s1008,2145
s1008,3193
s1009,3536
s1009,212
s1009,2458
s1009,3580
s1009,2145
s1009,3193
s1010,3536
s1010,212
s1010,2458
s1010,3580
s1010,2145
s1010,3193
s1011,3536
s1011,212
s1011,2458
s1011,3580
s1011,3193
s1011,2064
s1012,3536
s1012,212
s1012,2458
s1012,3580
s1012,467
s1012,2555
s1013,480
s1013,24
s1013,1443
s1013,2660
s1013,392
s1013,2712
s1014,3749
s1015,875
s1015,660
s1015,908
s1015,2112
s1015,3487
s1015,2116
s1016,3604
s1016,734
s1016,3582
s1016,438
s1016,917
s1016,85
s1017,2177
s1017,2038
s1017,2633
s1017,560
s1017,2398
s1017,1957
s1018,2558
s1018,2677
s1018,790
s1018,891
s1018,888
s1018,683
s1019,3605
s1019,1246
s1019,1304
s1019,1416
s1019,115
s1019,3273
s1020,3749
s1021,875
s1021,701
s1021,3487
s1021,897
s1021,2112
s1021,3648
s1022,701
s1022,796
s1022,3487
s1022,908
s1022,2112
s1022,2170
s1023,1463
s1023,27
s1023,1581
s1023,1413
s1023,3065
s1024,3749
s1025,73
s1026,3749
s1027,2842
s1027,3516
s1027,3163
s1027,1360
s1027,1457
s1027,2389
s1028,3749
s1029,2925
s1029,3660
s1029,720
s1030,3749
s1031,405
s1032,3749
s1033,576
s1033,569
s1033,131
s1033,657
s1033,1319
s1033,1504
s1034,3749
s1035,930
s1035,630
s1035,2030
s1035,171
s1035,2500
s1035,2000
s1036,1700
s1036,2510
s1036,1658
s1036,3073
s1036,721
s1036,1897
s1037,3749
s1038,2849
s1038,1210
s1038,764
s1038,409
s1038,2575
s1038,3520
s1039,3073
s1039,644
s1039,2403
s1039,642
s1039,3226
s1039,1735
s1040,3073
s1040,642
s1040,2403
s1040,644
s1040,3226
s1040,1735
s1041,642
s1041,3073
s1041,3226
s1041,3256
s1041,216
s1041,990
s1042,642
s1042,3547
s1042,1479
s1042,1442
s1042,3256
s1042,984
s1043,642
s1043,3226
s1043,3256
s1043,216
s1043,732
s1043,1248
s1044,481
s1044,3198
s1044,316
s1044,979
s1044,2231
s1044,2208
s1045,325
s1045,629
s1045,2953
s1045,326
s1045,2584
s1045,328
s1046,658
s1046,3743
s1046,861
s1046,3638
s1046,426
s1046,2231
s1047,658
s1047,426
s1047,3638
s1047,2931
s1047,3743
s1047,861
s1048,3073
s1048,3454
s1048,1695
s1048,1402
s1048,2251
s1048,3278
s1049,3073
s1049,1402
s1049,990
s1049,3226
s1049,3191
s1049,721
s1050,3073
s1050,1402
s1050,990
s1050,1400
s1050,2988
s1050,3342
s1051,3073
s1051,642
s1051,2403
s1051,644
s1051,3226
s1051,1735
s1052,644
s1052,2671
s1052,3532
s1052,214
s1052,3341
s1052,2016
s1053,644
s1053,2671
s1053,3532
s1053,214
s1053,3000
s1053,3341
s1054,1047
s1054,623
s1054,3378
s1054,1527
s1054,3537
s1054,721
s1055,1442
s1055,1594
s1055,582
s1055,1159
s1055,3282
s1056,3749
s1057,37
s1057,1264
s1057,3114
s1057,3575
s1057,3589
s1057,510
s1058,3749
s1059,3690
s1059,3580
s1059,2119
s1059,3618
s1059,905
s1060,3749
s1061,3749
s1062,209
s1062,3261
s1062,2073
s1062,1135
s1062,1515
s1062,1127
s1063,3749
s1064,738
s1064,467
s1065,1966
s1065,971
s1065,911
s1065,1363
s1065,1462
s1065,2005
s1066,2206
s1066,2782
s1066,2589
s1066,416
s1066,2846
s1066,616
s1067,2853
s1067,3371
s1067,1830
s1067,6
s1067,3074
s1067,2503
s1068,184
s1068,824
s1068,1919
s1068,2465
s1068,1851
s1068,851
s1069,3145
s1069,941
s1069,1272
s1070,3749
s1071,3749
s1072,3749
s1073,3672
s1073,3553
s1073,360
s1073,3155
s1073,3577
s1073,1775
s1074,3660
s1074,3469
s1074,2925
s1074,720
s1074,1239
s1075,68
s1075,3672
s1075,1407
s1075,3694
s1075,1086
s1075,2809
s1076,3749
s1077,2069
s1077,3672
s1077,3155
s1077,3553
s1077,967
s1077,3577
s1078,3660
s1078,2371
s1078,3321
s1079,720
s1079,2925
s1079,3660
s1080,3672
s1080,3553
s1080,1694
s1080,1775
s1080,360
s1080,3577
s1081,366
s1081,611
s1081,2957
s1081,2995
s1081,2880
s1081,2686
s1082,379
s1082,1852
s1083,1653
s1083,2321
s1083,2703
s1083,619
s1083,3377
s1083,2002
s1084,2171
s1084,2807
s1084,2738
s1084,3251
s1084,2085
s1084,1082
s1085,3194
s1085,2535
s1085,1988
s1085,2818
s1085,324
s1086,1256
s1086,3039
s1086,2640
s1086,2817
s1086,3108
s1086,3592
s1087,3525
s1087,2630
s1087,1610
s1087,2679
s1087,2918
s1088,1458
s1088,1532
s1089,264
s1089,1054
s1089,2952
s1089,3447
s1089,2725
s1089,1709
s1090,2469
s1090,2214
s1090,2652
s1090,555
s1090,598
s1090,3065
s1091,379
s1091,1852
s1091,3362
s1091,1453
s1091,2893
s1091,1819
s1092,1852
s1092,379
s1092,2428
s1092,3362
s1092,1591
s1092,1728
s1093,69
s1093,3047
s1093,2437
s1093,3578
s1093,3512
s1093,3240
s1094,3027
s1094,2623
s1094,330
s1094,882
s1094,2166
s1094,1472
s1095,3749
s1096,3749
s1097,2627
s1097,277
s1097,2401
s1097,2319
s1097,1435
s1097,3205
s1098,3749
s1099,3497
s1099,2096
s1099,378
s1099,1726
s1099,865
s1099,3370
s1100,3043
s1100,3598
s1100,3518
s1100,3370
s1100,1167
s1100,865
s1101,1696
s1101,697
s1101,1117
s1101,858
s1101,3658
s1101,686
s1102,1775
s1103,2720
s1103,1902
s1103,1437
s1103,1071
s1103,965
s1103,1980
s1104,666
s1104,895
s1104,367
s1104,1282
s1104,2322
s1104,2478
s1105,1734
s1105,2003
s1105,310
s1105,170
s1105,3359
s1105,50
s1106,198
s1106,362
s1106,2141
s1106,381
s1106,1970
s1106,3294
s1107,133
s1107,1892
s1107,1250
s1107,448
s1107,651
s1107,1283
s1108,1939
s1108,1496
s1108,2159
s1108,1907
s1108,663
s1108,1889
s1109,1013
s1109,1227
s1109,1702
s1109,705
s1109,349
s1109,3548
s1110,1825
s1110,383
s1110,616
s1110,3028
s1110,3129
s1110,3290
s1111,551
s1111,3570
s1111,938
s1111,3745
s1111,2546
s1111,1095
s1112,2435
s1112,1295
s1112,1116
s1112,242
s1112,3675
s1112,1629
s1113,3749
s1114,842
s1114,2974
s1114,936
s1114,1017
s1114,765
s1114,3440
s1115,2400
s1115,1669
s1116,3652
s1116,3559
s1116,1766
s1116,80
s1116,574
s1116,2704
s1117,2947
s1118,3556
s1118,2302
s1119,1852
s1119,379
s1119,864
s1119,3248
s1119,1819
s1119,602
s1120,3714
s1121,503
s1121,2748
s1121,3682
s1121,2013
s1121,2771
s1121,1516
s1122,411
s1122,2031
s1122,1418
s1122,371
s1122,1447
s1122,2833
s1123,1422
s1123,393
s1123,761
s1123,1694
s1123,2021
s1123,174
s1124,3434
s1124,766
s1124,518
s1124,1555
s1124,3011
s1124,1873
s1125,3044
s1125,147
s1125,771
s1125,2289
s1125,133
s1126,3642
s1126,256
s1126,3483
s1126,555
s1126,136
s1126,2633
s1127,3642
s1127,256
s1127,3472
s1127,555
s1127,3029
s1127,807
s1128,3642
s1128,256
s1128,3472
s1128,555
s1128,3029
s1128,807
s1129,1850
s1129,1775
s1129,158
s1129,2021
s1129,2733
s1129,2873
s1130,973
s1130,672
s1130,727
s1130,1213
s1130,3663
s1130,594
s1131,3749
s1132,1890
s1132,2774
s1132,2050
s1132,3341
s1132,364
s1132,634
s1133,1890
s1133,2774
s1133,2050
s1133,3341
s1133,364
s1133,1539
s1134,1890
s1134,1317
s1134,2774
s1134,2050
s1134,1539
s1134,2114
s1135,3749
s1136,3044
s1136,2226
s1136,3333
s1136,663
s1136,3422
s1136,2933
s1137,3102
s1138,3749
s1139,1787
s1139,2925
s1139,720
s1139,3157
s1139,954
s1140,3749
s1141,3749
s1142,1505
s1142,1958
s1142,2514
s1142,897
s1142,1859
s1142,3154
s1143,1505
s1143,1775
s1143,1000
s1143,1233
s1143,2279
s1143,1958
s1144,1634
s1144,3017
s1144,2011
s1144,2658
s1144,36
s1144,1001
s1145,1775
s1145,1850
s1145,2075
s1145,158
s1145,2873
s1145,430
s1146,1775
s1146,1850
s1146,2733
s1146,2021
s1146,2075
s1146,2873
s1147,3749
s1148,934
s1148,3258
s1148,2703
s1148,2640
s1148,1894
s1148,1620
s1149,457
s1149,1144
s1149,2070
s1149,267
s1149,1179
s1149,2553
s1150,3553
s1150,1585
s1150,464
s1150,1063
s1150,1693
s1150,2791
s1151,898
s1151,2327
s1151,2345
s1151,2416
s1151,3429
s1151,1193
s1152,2138
s1152,830
s1152,1119
s1152,3267
s1152,1570
s1152,3639
s1153,2828
s1153,1488
s1153,2307
s1153,465
s1153,2893
s1153,2891
s1154,2038
s1154,1653
s1154,3095
s1154,3542
s1154,100
s1154,837
s1155,2157
s1155,1652
s1155,2273
s1155,1896
s1155,2699
s1155,3470
s1156,3040
s1156,1651
s1156,255
s1156,2652
s1156,173
s1156,3140
s1157,3040
s1157,1651
s1157,248
s1157,182
s1157,768
s1157,2788
s1158,3040
s1158,1651
s1158,2652
s1158,255
s1158,768
s1158,2789
s1159,3749
s1160,946
s1160,3692
s1160,1002
s1160,3716
s1160,3161
s1160,1195
s1161,3749
s1162,344
s1162,696
s1162,2136
s1162,1498
s1162,1548
s1162,215
s1163,3211
s1163,1956
s1163,2313
s1163,1526
s1163,2167
s1163,2088
s1164,2718
s1164,1687
s1164,2927
s1164,2445
s1164,1219
s1164,2585
s1165,883
s1165,1197
s1165,2049
s1165,1576
s1165,2419
s1165,2249
s1166,348
s1166,481
s1166,2377
s1166,1807
s1166,1900
s1166,3147
s1167,2300
s1167,546
s1167,2260
s1167,1936
s1167,306
s1167,1994
s1168,531
s1168,1055
s1168,3335
s1168,475
s1168,1692
s1168,2219
s1169,3112
s1169,2895
s1169,460
s1169,2643
s1169,2905
s1170,633
s1171,1225
s1171,976
s1171,316
s1171,1009
s1171,2350
s1171,67
s1172,2846
s1172,3368
s1172,3052
s1172,1032
s1172,3674
s1173,2864
s1173,2117
s1173,2544
s1173,1686
s1173,2884
s1173,2827
s1174,3084
s1174,225
s1174,3591
s1174,2351
s1174,789
s1174,2651
s1175,1263
s1176,1535
s1176,3069
s1176,2806
s1176,1110
s1176,2570
s1176,385
s1177,453
s1177,3389
s1177,244
s1177,1640
s1178,620
s1178,1328
s1178,2800
s1178,849
s1178,2750
s1178,2847
s1179,3749
s1180,1154
s1180,3531
s1180,743
s1180,2840
s1180,1667
s1180,428
s1181,192
s1181,3160
s1181,1434
s1181,15
s1181,2015
s1181,1521
s1182,2482
s1183,2352
s1183,2318
s1183,3513
s1183,1694
s1183,2319
s1183,2970
s1184,966
s1184,1869
s1184,1061
s1184,1593
s1184,2101
s1184,2698
s1185,3749
s1186,3714
s1187,157
s1188,302
s1188,915
s1188,3137
s1188,25
s1188,2087
s1189,649
s1190,256
s1190,266
s1190,529
s1190,427
s1190,79
s1190,1545
s1191,3379
s1191,3588
s1191,2310
s1191,1281
s1191,390
s1191,1203
s1192,2836
s1192,1588
s1192,3062
s1192,1715
s1192,746
s1193,800
s1193,1971
s1193,2656
s1193,3722
s1193,1430
s1193,1415
s1194,3687
s1194,2355
s1194,1437
s1194,365
s1194,2436
s1194,2035
s1195,3687
s1195,2035
s1195,285
s1195,2436
s1195,1591
s1195,2565
s1196,2059
s1196,1827
s1196,757
s1196,1559
s1196,2680
s1196,2092
s1197,2426
s1197,1100
s1197,282
s1197,3435
s1197,370
s1197,3624
s1198,3163
s1198,2110
s1198,1760
s1198,2037
s1198,2020
s1198,1139
s1199,3749
s1200,40
s1200,1432
s1200,2316
s1200,2649
s1200,382
s1200,2925
s1201,922
s1201,2658
s1201,1429
s1201,2048
s1201,1895
s1201,2571
s1202,680
s1202,1183
s1202,1464
s1202,1666
s1202,1602
s1202,172
s1203,534
s1203,2817
s1203,1180
s1203,299
s1203,872
s1203,2343
s1204,2925
s1204,3660
s1205,3749
s1206,1418
s1206,1742
s1206,1322
s1206,59
s1206,3657
s1206,2556
s1207,3049
s1207,2024
s1207,1772
s1207,1292
s1207,2834
s1208,1795
s1208,494
s1208,501
s1208,2306
s1208,970
s1209,253
s1209,2453
s1209,514
s1209,1833
s1209,3618
s1209,1225
s1210,3433
s1210,3618
s1210,1271
s1210,3521
s1210,3360
s1210,514
s1211,3749
s1212,2396
s1212,1426
s1212,558
s1212,2874
s1212,78
s1212,212
s1213,1216
s1213,2671
s1213,1439
s1213,1251
s1213,1490
s1213,2869
s1214,3749
s1215,2396
s1215,1426
s1215,558
s1215,387
s1215,212
s1215,2890
s1216,1216
s1216,2671
s1216,1439
s1216,1490
s1216,1251
s1216,1789
s1217,2396
s1217,1426
s1217,558
s1217,387
s1217,212
s1217,900
s1218,1426
s1218,2396
s1218,558
s1218,22
s1218,795
s1218,1833
s1219,2264
s1219,1216
s1219,2671
s1219,1573
s1219,2869
s1219,1251
s1220,3358
s1220,834
s1220,2354
s1220,438
s1220,619
s1220,341
s1221,3660
s1222,769
s1222,3417
s1222,2190
s1222,2125
s1222,3615
s1222,2652
s1223,875
s1223,660
s1223,3487
s1223,908
s1223,2112
s1223,3648
s1224,776
s1225,837
s1225,445
s1225,141
s1225,707
s1225,1712
s1225,3159
s1226,3514
s1226,2077
s1226,492
s1226,2691
s1226,3030
s1226,2799
s1227,1736
s1227,3449
s1227,3599
s1227,1279
s1227,759
s1227,748
s1228,3481
s1228,1092
s1228,1269
s1228,3456
s1228,3500
s1228,279
s1229,600
s1229,1775
s1229,1070
s1229,706
s1229,65
s1229,3177
s1230,3235
s1230,2757
s1230,2715
s1230,3350
s1230,3108
s1230,1642
s1231,2366
s1231,3735
s1231,1007
s1231,3119
s1231,2335
s1231,1707
s1232,3735
s1232,2366
s1232,1087
s1232,717
s1232,1968
s1232,2209
s1233,2591
s1233,2766
s1233,2998
s1233,1694
s1233,1775
s1233,1393
s1234,2677
s1234,2069
s1234,3277
s1234,929
s1234,908
s1234,1745
s1235,3139
s1235,2357
s1235,1374
s1235,1290
s1235,1843
s1235,665
s1236,3139
s1236,2357
s1236,1374
s1236,1290
s1236,1843
s1236,665
s1237,566
s1237,2284
s1237,664
s1237,3498
s1237,536
s1237,1284
s1238,682
s1238,1017
s1238,1323
s1238,2872
s1238,2572
s1238,339
s1239,1444
s1239,922
s1239,1014
s1239,3103
s1239,2701
s1239,1132
s1240,1261
s1240,2658
s1240,2048
s1240,3548
s1240,2242
s1240,1129
s1241,3749
s1242,3103
s1242,3404
s1242,2011
s1242,1427
s1242,3022
s1242,1462
s1243,1109
s1243,770
s1243,3056
s1243,1664
s1243,3119
s1243,812
s1244,388
s1244,292
s1244,1163
s1244,2804
s1244,1875
s1244,742
s1245,909
s1245,3495
s1246,3714
s1247,355
s1247,3391
s1247,995
s1247,3496
s1247,914
s1247,3315
s1248,3496
s1248,995
s1248,3503
s1248,2082
s1248,1134
s1248,1541
s1249,2905
s1249,1199
s1249,3357
s1249,3228
s1249,2855
s1249,2298
s1250,1871
s1251,1170
s1251,510
s1251,916
s1251,2908
s1251,84
s1251,2010
s1252,2420
s1252,3101
s1252,2237
s1252,3120
s1252,1414
s1252,2328
s1253,720
s1254,2826
s1254,625
s1254,168
s1254,2542
s1254,3083
s1254,3611
s1255,3749
s1256,1066
s1256,2808
s1256,2259
s1256,1366
s1256,295
s1256,730
s1257,1382
s1257,3396
s1257,1270
s1257,2729
s1257,243
s1257,1834
s1258,2489
s1258,218
s1258,3075
s1258,1931
s1258,3728
s1258,1184
s1259,3216
s1260,2018
s1261,1775
s1261,2852
s1261,1694
s1261,2873
s1261,3343
s1261,1850
s1262,923
s1262,3510
s1262,3110
s1262,3486
s1262,1169
s1262,1223
s1263,1597
s1263,3623
s1263,3069
s1263,1173
s1263,1121
s1263,2369
s1264,41
s1264,2129
s1264,3169
s1264,1952
s1264,2301
s1265,2970
s1265,41
s1265,3169
s1265,2129
s1265,300
s1265,2301
s1266,41
s1266,3169
s1266,2129
s1266,3135
s1266,2583
s1266,2169
s1267,1093
s1267,2997
s1267,1781
s1267,3397
s1267,2007
s1267,63
s1268,1336
s1268,3311
s1268,3705
s1268,200
s1268,303
s1268,2876
s1269,1336
s1269,3311
s1269,3705
s1269,200
s1269,3492
s1269,1609
s1270,538
s1270,2867
s1270,3267
s1270,211
s1270,3573
s1270,2283
s1271,2171
s1271,581
s1271,1810
s1271,3706
s1271,61
s1271,3013
s1272,703
s1272,3355
s1272,859
s1272,2335
s1272,975
s1272,94
s1273,906
s1273,1852
s1273,1067
s1273,2825
s1273,3676
s1273,1103
s1274,3291
s1274,704
s1274,3542
s1274,2714
s1274,3376
s1274,8
s1275,184
s1276,2603
s1276,2171
s1276,2861
s1276,1530
s1276,3207
s1276,1690
s1277,2985
s1277,2824
s1277,1903
s1277,1425
s1277,1697
s1277,3631
s1278,1054
s1278,2184
s1278,2650
s1278,3133
s1278,2349
s1278,1369
s1279,969
s1279,3633
s1279,2311
s1279,2956
s1279,2645
s1279,3156
s1280,3749
s1281,3749
s1282,1708
s1282,1244
s1282,2362
s1282,3168
s1282,1544
s1282,2376
s1283,1780
s1283,1251
s1283,865
s1283,1743
s1283,3023
s1283,592
s1284,3291
s1284,3348
s1284,2880
s1284,1106
s1284,3352
s1284,1938
s1285,1085
s1285,3451
s1285,2684
s1285,2410
s1285,1728
s1285,3658
s1286,3749
s1287,3535
s1287,935
s1287,3560
s1287,2111
s1287,2841
s1287,1649
s1288,1649
s1288,1719
s1288,3535
s1288,2841
s1288,595
s1288,2111
s1289,3749
s1290,3748
s1290,1846
s1290,3551
s1290,3206
s1290,3409
s1290,2388
s1291,774
s1291,1468
s1291,3198
s1291,1659
s1291,988
s1291,3446
s1292,2532
s1292,1841
s1292,2980
s1292,2185
s1292,3228
s1292,289
s1293,1852
s1293,1409
s1293,2352
s1293,755
s1293,402
s1293,3560
s1294,432
s1294,3289
s1294,717
s1294,2868
s1294,3658
s1294,3355
s1295,1973
s1295,3367
s1295,524
s1296,2677
s1296,1186
s1296,1971
s1296,1745
s1296,2461
s1296,3077
s1297,2461
s1297,2700
s1297,179
s1297,3077
s1297,1600
s1297,2638
s1298,2997
s1298,688
s1298,1806
s1298,2798
s1298,2784
s1298,507
s1299,1806
s1299,3201
s1299,3424
s1299,2798
s1299,507
s1299,2082
s1300,1806
s1300,3201
s1300,1775
s1300,3175
s1300,3425
s1300,1718
s1301,3660
s1301,3469
s1302,3714
s1303,1463
s1303,27
s1303,3065
s1303,1413
s1303,1581
s1303,3720
s1304,2455
s1305,922
s1305,2595
s1305,911
s1305,507
s1305,1810
s1305,334
s1306,3255
s1306,1978
s1306,282
s1306,1471
s1306,1850
s1306,2960
s1307,922
s1307,3207
s1307,1810
s1307,3564
s1307,1598
s1307,2229
s1308,3488
s1308,1912
s1308,181
s1308,2505
s1308,1665
s1308,3421
s1309,2548
s1309,3370
s1309,1251
s1309,865
s1309,1743
s1309,902
s1310,1780
s1310,1251
s1310,1743
s1310,3023
s1310,865
s1310,590
s1311,1668
s1311,146
s1311,639
s1311,2968
s1311,3370
s1311,1167
s1312,354
s1312,865
s1312,1167
s1312,2887
s1312,902
s1312,2460
s1313,1775
s1313,2855
s1313,1850
s1313,2076
s1313,3501
s1313,2829
s1314,3749
s1315,3749
s1316,943
s1316,2672
s1316,2288
s1316,1098
s1316,3303
s1316,3126
s1317,1444
s1317,2475
s1317,470
s1317,606
s1317,3607
s1317,2238
s1318,3749
s1319,3660
s1320,3413
s1320,917
s1320,2967
s1320,2392
s1320,495
s1320,1626
s1321,1401
s1321,2223
s1321,1004
s1321,3253
s1321,2702
s1321,1315
s1322,191
s1322,499
s1322,2053
s1322,2592
s1322,1713
s1322,1775
s1323,203
s1323,1448
s1323,1449
s1323,2366
s1323,554
s1323,3087
s1324,203
s1324,1448
s1324,1878
s1324,656
s1324,523
s1324,2025
s1325,3546
s1325,2172
s1325,2857
s1325,1791
s1325,2775
s1325,3319
s1326,3061
s1326,1338
s1326,62
s1326,1239
s1326,1243
s1326,508
s1327,2656
s1327,1393
s1327,2021
s1327,854
s1327,894
s1327,1694
s1328,403
s1328,1199
s1328,1339
s1328,1810
s1328,1690
s1328,2797
s1329,403
s1329,1199
s1329,1836
s1329,3586
s1329,30
s1329,3675
s1330,943
s1330,2949
s1330,1675
s1330,340
s1330,189
s1330,463
s1331,3493
s1331,1954
s1331,3679
s1331,1169
s1331,891
s1331,2202
s1332,3493
s1332,1954
s1332,3679
s1332,1118
s1332,891
s1332,1169
s1333,3493
s1333,1118
s1333,1954
s1333,3679
s1333,1169
s1334,2402
s1334,2016
s1334,3062
s1334,1166
s1334,3546
s1334,1302
s1335,1
s1335,1
s1335,1
s1335,1
s1335,1
s1335,1
s1336,922
s1336,3496
s1336,3404
s1336,2048
s1336,1792
s1336,972
s1337,1261
s1337,1685
s1337,3548
s1337,205
s1337,3495
s1337,2103
s1338,1401
s1338,1326
s1338,1309
s1338,1456
s1338,3566
s1338,1844
s1339,3749
s1340,1966
s1340,700
s1340,3022
s1340,2863
s1340,1204
s1340,2934
s1341,3035
s1341,1799
s1341,2879
s1341,1599
s1341,2423
s1341,1601
s1342,2171
s1342,1810
s1342,1211
s1342,581
s1342,2911
s1342,972
s1343,741
s1343,1060
s1343,445
s1343,925
s1343,2472
s1343,1847
s1344,741
s1344,1060
s1344,445
s1344,256
s1344,2915
s1344,2135
s1345,741
s1345,1060
s1345,445
s1345,925
s1345,2915
s1346,2902
s1346,1553
s1346,857
s1346,716
s1346,522
s1346,1748
s1347,622
s1347,862
s1347,2287
s1347,1985
s1347,769
s1347,3507
s1348,265
s1348,550
s1348,3357
s1348,720
s1348,1802
s1348,1928
s1349,608
s1349,2128
s1349,650
s1349,2757
s1349,3497
s1349,2986
s1350,1775
s1350,2733
s1350,2075
s1350,1850
s1350,2873
s1350,158
s1351,3749
s1352,922
s1352,3404
s1352,606
s1352,2067
s1352,2794
s1352,3080
s1353,3749
s1354,1412
s1354,3331
s1354,1413
s1354,445
s1354,1880
s1354,3394
s1355,3714
s1356,2128
s1356,1770
s1356,1084
s1356,1635
s1356,3707
s1356,3024
s1357,720
s1357,1239
s1358,3258
s1358,1580
s1358,1727
s1358,1392
s1358,297
s1358,2382
s1359,1699
s1360,3033
s1360,351
s1360,2812
s1360,1341
s1360,105
s1360,176
s1361,2925
s1361,375
s1362,3749
s1363,375
s1363,2925
s1363,1012
s1363,2433
s1364,3749
s1365,3540
s1365,3365
s1365,3442
s1365,2378
s1365,578
s1365,2659
s1366,3540
s1366,3365
s1366,3442
s1366,2659
s1366,689
s1366,1236
s1367,3660
s1367,2371
s1367,3321
s1368,1440
s1368,3590
s1368,352
s1368,2682
s1368,2681
s1368,2529
s1369,841
s1369,661
s1369,571
s1369,3702
s1369,1359
s1369,2848
s1370,2942
s1370,1186
s1370,1775
s1370,2677
s1371,373
s1372,2352
s1372,2163
s1372,2970
s1372,2319
s1372,145
s1372,1632
s1373,2352
s1373,2218
s1373,2580
s1373,2789
s1373,2319
s1373,2970
s1374,2352
s1374,1753
s1374,1632
s1374,2319
s1374,2970
s1374,2163
s1375,1590
s1375,396
s1376,3749
s1377,1916
s1377,423
s1377,1172
s1377,597
s1377,155
s1377,2573
s1378,3531
s1378,3493
s1378,999
s1378,1783
s1378,3658
s1378,1876
s1379,3531
s1379,3493
s1379,1796
s1379,2069
s1379,999
s1379,1783
s1380,3531
s1380,3493
s1380,1796
s1380,999
s1380,3658
s1380,1876
s1381,3531
s1381,3493
s1381,1796
s1381,2161
s1381,3658
s1381,275
s1382,3531
s1382,3493
s1382,3658
s1382,761
s1382,3554
s1382,992
s1383,3531
s1383,3493
s1383,1876
s1383,3658
s1383,1796
s1383,1191
s1384,3742
s1384,3741
s1384,793
s1384,2262
s1384,587
s1384,2044
s1385,3749
s1386,411
s1386,3081
s1386,294
s1386,3665
s1386,937
s1386,1230
s1387,3076
s1387,1798
s1387,2895
s1387,3629
s1387,1891
s1387,374
s1388,1932
s1388,472
s1388,1154
s1388,899
s1388,2421
s1388,816
s1389,95
s1390,1695
s1390,489
s1390,912
s1390,714
s1390,285
s1390,808
s1391,3291
s1391,719
s1391,3704
s1391,2723
s1391,2105
s1391,3720
s1392,101
s1392,315
s1392,3309
s1392,149
s1392,3634
s1392,1909
s1393,3660
s1393,720
s1393,2925
s1394,500
s1394,1944
s1394,1703
s1394,444
s1394,3009
s1394,284
s1395,3488
s1395,3418
s1395,2162
s1395,2813
s1395,2803
s1395,1725
s1396,3488
s1396,3418
s1396,2162
s1396,2813
s1396,2803
s1396,2256
s1397,942
s1397,1776
s1397,3118
s1397,2083
s1397,1863
s1397,3104
s1398,1069
s1398,700
s1398,1922
s1398,404
s1398,933
s1398,1740
s1399,3089
s1399,2574
s1399,83
s1399,3288
s1399,2101
s1399,2758
s1400,1216
s1400,3043
s1400,3497
s1400,1771
s1400,1478
s1400,1838
s1401,993
s1401,3115
s1401,3143
s1401,1357
s1401,1705
s1401,3106
s1402,305
s1402,1112
s1402,1698
s1402,1267
s1402,1876
s1403,445
s1403,3292
s1403,3390
s1403,1981
s1403,2549
s1403,180
s1404,184
s1404,1801
s1404,202
s1404,926
s1404,2119
s1404,111
s1405,2155
s1405,1194
s1405,3266
s1405,1614
s1405,3393
s1405,3403
s1406,400
s1406,697
s1406,3385
s1406,1800
s1406,66
s1406,3025
s1407,291
s1408,1940
s1409,1838
s1409,1775
s1409,505
s1409,772
s1409,1534
s1409,3574
s1410,1775
s1410,2873
s1410,1850
s1410,2560
s1410,3701
s1410,2733
s1411,1775
s1411,2075
s1411,1785
s1411,908
s1411,2021
s1411,1850
s1412,3749
s1413,3258
s1413,887
s1413,1568
s1413,1727
s1413,2382
s1413,881
s1414,3258
s1414,887
s1414,1580
s1414,1727
s1414,2382
s1414,881
s1415,3360
s1415,641
s1415,1718
s1415,2563
s1415,836
s1415,9
s1416,2616
s1417,1877
s1417,3220
s1417,1543
s1417,1633
s1417,67
s1417,2625
s1418,2742
s1418,3641
s1418,695
s1418,890
s1418,3238
s1418,2509
s1419,3749
s1420,3004
s1421,2148
s1421,618
s1421,1889
s1421,687
s1421,1383
s1421,685
s1422,8
s1422,3331
s1422,3176
s1422,2878
s1422,3508
s1423,2828
s1423,2893
s1423,2307
s1423,3565
s1423,3298
s1423,1773
s1424,2622
s1424,2501
s1424,3584
s1424,2180
s1424,542
s1424,2142
s1425,586
s1425,3330
s1425,1137
s1425,21
s1425,3698
s1426,2152
s1426,2970
s1426,3384
s1426,1467
s1426,1273
s1426,397
s1427,2152
s1427,2217
s1427,2916
s1427,1467
s1427,3384
s1427,3070
s1428,2152
s1428,2217
s1428,134
s1428,3384
s1428,1467
s1428,309
s1429,1351
s1429,1650
s1429,1497
s1429,1731
s1429,2675
s1429,416
s1430,186
s1430,911
s1430,3103
s1430,3186
s1430,1848
s1430,491
s1431,2895
s1431,922
s1431,3404
s1431,1132
s1431,1805
s1431,1129
s1432,3660
s1432,2371
s1432,1083
s1433,997
s1433,2189
s1433,2943
s1433,1298
s1433,1882
s1433,1065
s1434,3242
s1434,137
s1434,615
s1434,1694
s1434,1806
s1434,359
s1435,3413
s1435,1855
s1435,1671
s1435,1188
s1436,2072
s1436,3207
s1436,1429
s1436,3103
s1436,2497
s1436,1756
s1437,3644
s1437,287
s1437,3610
s1437,3400
s1437,533
s1437,963
s1438,3255
s1438,2012
s1438,3041
s1438,1978
s1438,1352
s1438,2414
s1439,470
s1439,3623
s1439,440
s1439,3662
s1439,1077
s1439,2277
s1440,1553
s1440,2512
s1440,517
s1440,2764
s1440,3490
s1441,2685
s1441,2983
s1441,2001
s1441,2860
s1442,3010
s1442,870
s1442,3234
s1442,3239
s1442,3678
s1442,2098
s1443,1321
s1443,1478
s1443,483
s1443,2958
s1443,3504
s1443,2033
s1444,1574
s1444,233
s1444,723
s1444,496
s1444,3419
s1444,3142
s1445,2977
s1445,1864
s1445,936
s1445,3304
s1445,3254
s1445,1943
s1446,1477
s1446,2268
s1446,843
s1446,2333
s1446,2106
s1447,319
s1447,146
s1447,2782
s1447,1415
s1447,691
s1447,54
s1448,3529
s1448,1790
s1448,2051
s1448,974
s1448,1538
s1448,3428
s1449,2795
s1449,2050
s1449,1914
s1449,222
s1449,226
s1449,3281
s1450,609
